Aguascalientes,Aguascalientes,Chatafierros San Pedro,Autorizado SSMAA_GIR_MIR_050_18,,Pedro,"Av. Mahatma Gandhi 703 col. San Pedro, Aguascalientes",20280,,Lunes a viernes 9:00 a 6:00 sabdado 9:00 a 2:00, 449 917 1715,,chatafierrosanpedro@hotmail.com,"https://www.google.com/maps/place/Av+Mahatma+Gandhi+703,+Desarrollo+Especial+Centro+de+Abastos,+20280+Aguascalientes,+Ags./@21.8413461,-102.2937303,3a,75y,225.58h,92.22t/data=!3m6!1e1!3m4!1sIsh3ZehqsGWkNVNaLYPi6g!2e0!7i13312!8i6656!4m5!3m4!1s0x8429edb6b4b37d7f:0x74e7fe17f5af488c!8m2!3d21.8413096!4d-102.293756",21.84875,102.294053, $	3.00 ,,,, $	2.00 ,, $	17.00 ,SI, $	2.50 ,,, $	2.00 ,, $	0.20 ,,,
Aguascalientes,Aguascalientes,"Poliestireno del Centro, S.A. de C.V.",,No compra solo recibe donaciones para reciclar ,David Sánchez,"Morelos 110, Int.2, Zona Centro, Aguascalientes, Ags.",20000,,,449 918 3394,,dsanchez@policen.com.mx,,,,,,,,,,,,,,,,,,SI,,
Baja California,Ensenada ,"
Centro de Acopio de Materiales Reciclables
",Licencia ambiental,Dice tener autorización pero no compartió el permiso,Victor Hugo Román González,"Camino Vecinal a Gómez Morin s/n, Colonia Gómez Morin, s/n,.  Ensenada Baja California.  ",22842,Cerca del Cerezo municipial,"Lunes a viernes de 8:00 a 16:00 
Sabados de 08:00 a 12:00  pm","646 156 3242
646 149 0929",,camrec@hotmail.com,,,,$1,SI, $	1.50 ,,,,,si,,,, $	0.50 , $	1.00 ,0.25 solo envase entero,,,
Baja California,Ensenada ,El Centinela Recicladora,,Si emiten factura,,Paseo de todos los santos 311 Col. Parque Industrial Chapultepec Ensenada.,22785,,Lunes a Viernes 08:00 A 17:00 ,646 120 2129,,,"https://www.google.com.mx/maps/@31.8652718,-116.5991306,3a,75y,203.05h,87.25t/data=!3m6!1e1!3m4!1s01bJUw7mXG7M-gtZhlGrDA!2e0!7i13312!8i6656",31.865329,116.599208,,,,,,, $	15.00 ,SI, $	2.20 ,,,,,,,,
Baja California,Ensenada ,Cimarrón S.A DE C.V,,Dice tener autorización pero no compartió el permiso / no da precios por telefono,Gregorio Mendéz,"Av. José Murúa Martínez 18900 Col. vallevista Delegación Centenario,  Tijuana",22456,,Lunes a Viernes 8:00 a 16:30       Sabado 8:00 a 13:00,664 623 0049                     664 682 8167,,recepcioncimarrontj@hotmail.com,,,,,,,,,,si,SI,si,,,,,,,,
Baja California,Ensenada ,Metalmex de Ensenada S. DE R.L DE C.V,,No da precios via telefonica,Cristel Cortéz,"Blv. Abelardo L. Rodriguez 175 col. Josefa Ortíz de Dominguez, Ensenada, B.C.",22890,oxxo en la esquina,Lunes a Viernes de 8:00 a 17:00                                                Sab 8:00 a 13:00, 646 176 4004,,metalmexens@gmail.com,"https://www.google.com/maps/place/Metalmex/@31.8477715,-116.6030868,15z/data=!4m2!3m1!1s0x0:0xf4722ee4df7590cb?sa=X&ved=2ahUKEwjE_pqI14HrAhUJTawKHWeHDgEQ_BIwCnoECBMQCA",31.848464,116.603065,si,,si,,,,si,Si,si,,,SI,si,,,,
Baja California,Mexicali, Universal Recycling S. De R.L. De C.V.,,Antes de entregar material requiere una muestra de PEBD transparente para evaluar su calidad y saber si lo aceptan,Juan Medina,"Carretera Sn. Felipe Km 3.5 s/n, Col. Gonzalez Ortega",21397,,,686 561 8333,,jmedina@urmexicali.com,"https://www.google.com.mx/maps/@32.5843879,-115.4284607,3a,49.6y,36.61h,92.29t/data=!3m6!1e1!3m4!1skcuhmVCCJudVSzsnhbM0og!2e0!7i13312!8i6656",32.585996,115.428937,SI,"4.50 multi
$6 lechero
$2.5 verde",$3.50 limpia,,,,,,,,,SI,,,,,
Baja California,Mexicali,Hyperplastics S.A. de C.V.,,,Genaro López,"Km 20 s / n, carretera San Luis Rio Colorado Col. Ejido Cuernavaca, Mexicali, Baja California",21624,,Lunes  a Viernes de 06:00 a 15:30," 664 437 3397
664 102 5518 
ext. 4 ",www.hplastics.com.mx,"gelopez@hplastics.com.mx  jmartinez@hplastic.com.mx
lopez-lara@hotmail.com
",,,,$4 mixto,, $	2.00 ,,,, $	11.00 ,, $	0.70 ,,,,,,,,
Baja California,Mexicali,Recicladora Flores Magon,,"Arriba de una tonelada pueden emitir factura 
","Guillermo Cabanillas
Jesus Aceves","carretera ahumadita km 1.3, Col. Reacomodo San Fernando ",21323,,Lunes a Virnes de 08:00 a 17:00                                                                                 Sabado 08:00 a 16:00,"686 555 8898
664 484 0989",,rbc.mexicali@gmail.com,https://goo.gl/maps/CxPes52Ubj9rvccbA,32.599569,115.520885, $	3.00 , $	4.00 , $	1.50 ,,,, $	16.00 ,, $	1.20 ,,,, $	2.00 ,,,,
Baja California,Tijuana,Hyperplastics S.A. de C.V.,,,Genaro López,"Av 20 de noviembre 3510, tijuana, B.C.",22206,,Lunes  a Viernes de 08:00 a 17:00," 664 437 3397
664 102 5518 
ext. 4 ",www.hplastics.com.mx,"gelopez@hplastics.com.mx  jmartinez@hplastic.com.mx
lopez-lara@hotmail.com
",,,,$4 mixto,, $	2.00 ,,,, $	11.00 ,, $	0.70 ,,,,,,,,
Baja California,Tijuana,Alan Recycling,,Solo recibe material limpio,,Carretera Tijuana - Tecate km 32.5 andador vrcinal 10152 col valle redondo Del la presa,22720,,Lunes a Domingo 8:00 a 16:00 ,"664 626 8035
664 903 2130",,alanrecycling@gmail.com,"https://www.google.com.mx/maps/@32.4709247,-116.7941748,3a,75y,30.86h,88.93t/data=!3m6!1e1!3m4!1smXuYkU6s0PwX4RWrF99WQA!2e0!7i13312!8i6656",32.485694,116.922909,No,,,,,, $	8.00 ,SI, $	2.90 ,,,,,,,,
Baja California,Tijuana,Eco Recycling,,,Ana,"Cucapah 3674 Col. Mariano Matamoros, Tijuana. ",22206,,Lunes a viernes 8:00 a 16:00       Sabado 8:00 a 13:00,664 288 2222,http://www.eco-recycling.com/contenido/quienes/quienes.htm,irene@eco-recycling.com,"https://www.google.com.mx/maps/@32.5138541,-116.8852683,3a,75y,269.03h,98.6t/data=!3m7!1e1!3m5!1sEZVSTRLQWwzeIaaLBVCHKQ!2e0!6s%2F%2Fgeo2.ggpht.com%2Fcbk%3Fpanoid%3DEZVSTRLQWwzeIaaLBVCHKQ%26output%3Dthumbnail%26cb_client%3Dmaps_sv.tactile.gps%26thumb%3D2%26w%3D203%26h%3D100%26yaw%3D314.53983%26pitch%3D0%26thumbfov%3D100!7i13312!8i6656",32.514066,116.885402,,,,,,, $	10.00 ,SI, $	2.50 ,,,,,,,,
Baja California,Tijuana,La Cartonera ,,Emite factura y acepta cualquier forma de pago,Manuel Hoyos,"Calle 9 Sur 126, Cd Industrial,Tijuana, B.C. ",22444,,Lunes a Viernes  7:00 a 17:00                                                        Sabado 7:00 a 12:00 pm,"664 607 29 56
664 375 14 33 
664 607 26 97 ",,"facturacionlacartonera@hotmail.com  lacartonerajm@gmail.com
lacartoneramo@gmail.com",,,,$4.50 mixto,8.5 lechero/  color 5.20  /Mixto 2.20,,,,, $	20.50 ,,,,,,,,,,
Baja California,Tijuana,Metales Baja California y Go recycling,,por motivos de seguridad no quiso dar mayor informacion,,"Col. Lomas Verde INFONAVIT Calle Loma Bonita #2-3, ",22127,,,664 629 6668,http://metalesdebajacalifornia.com/,info@metalesdebajacalifornia.com,https://goo.gl/maps/PbZTVP9vABBusz6TA,32.477362,116.938204,,,,,,,,,,,,,,,,,"Lámina, carroceria y fierro"
Baja California ,Mexicali,Recicladora Baja California / Flores Magón,,,Guillermo Cabanillas,Col. Reacomodo San Fernando carretera ahumadita km 1.3,,,Lunes a Viernes  7:00 a 17:00                                                        Sabado 7:00 a 12:00 pm,664 607 26 97,,rbc.mexicali@gmail.com,,,,Si,Si,,,,,,Si,,,,Si,,,,,
Baja California ,Mexicali,Reciclados Langar,,,Manuel Hoyos,"Carretera ahumadita km 1.3 col reacomodo san Fernando, Mex BC",,,Lunes a Viernes  7:00 a 17:00                                                        Sabado 7:00 a 12:00 pm,01 988 933 15 30 ext. 106                   045 999 217 19 72,,ecoreto.bajacalifornia@live.com,,,,Si,Si,,,,,Si,,,,,,,,,,
Baja California ,Tijuana,Recicladora,,,Manuel Hoyos,"9 Sur No. 126 Ciudad Industrial, Mesa de Otay, ",22444,,Lunes a Viernes  7:00 a 17:00                                                        Sabado 7:00 a 12:00 pm,(311) 219-4431,,,,,,Si,Si,,,,,Si,,,,,,,,,,
Baja California Sur,Cabo San Lucas,Reciclados Langar,,,Paulino Hernandez Ramirez,"Calle y Puerto Escondido No. L4 MZA 54 Colonia Cangrejos, Cabo San Lucas. ",,,,624 132 5109,,ecoreto.bajacalifornia@live.com,,,,SI,,,,,,,,,,,,,,,,
Baja California Sur,La Paz,Recicladora Eco Verde,,,Reinaldo Chong,Carretera los Planes KM1 Col Agua Escondida,23050,,,612 157 2175,https://www.facebook.com/Recicladora-Eco-verde-los-Cabos-1887447558217271/,,,,,,,,,,, $	19.50 ,, $	2.70 ,,,SI,,,,,
Baja California Sur,La Paz  ,Centro de Reciclaje La Paz S de R.L de C.V.,,,Gustavo Rivera / Mario Peña,"Calle Coyote esquina con calle Balandra S/N en el Fraccionamiento Tabachines,san jose viejo
",,,Lunes a Viernes 9:00 a 20:00 Sabdo de 9;00 a 9:00,"624 177 4013
612 153 1673",,"ecoreto.bajacalifornia@live.com
alfox54@yahoo.com.mx",,,,"
$2.00 solo
", $	1.00 ,,,,, $	10.00 ,, $	0.50 ,,,SI,SI,,,,
Baja California Sur,La Paz  ,Reciclados Langar / Ecología y movimiento SA DE CV,,Ellos conocen un reciclador que puede recibir la bolsa Mario Peña,Dr. Álvaro Fox,"Calle norte s/n, entre Av. Forjadores y Av. Tecnologico, Col. El Mezquitito",23083,, Lunes a Sabado 7:00 a 5:00,612 120 3130,,alfox54@yahoo.com.mx ecoymov@yahoo.com.mx,,,,SI,,,,,,,,,,,SI,,,,,
Baja California Sur,Los Cabos,Revo Pech,No autorizado,,Pedro Rebollar Hernandez,"Col. Zacatal Calle José Antonío Castro Guluarte, San Jose del Cabo",,,,624 242 7835 ,,"revovillarecicladora@gmail.com
centrodeacopio11@gmail.com",,,,SI,Si,,,,,Si,,Si,,,,,,,,
Campeche,Campeche,Depósito San Joaquín,,,carlos,"Calle 114 34, San Joaquín, 24020 Campeche, Camp.",24020,,Lunes a Viernes 8:00 a 16:00 ,981 815 2466,,,,,, $	6.00 ,,,,,, $	19.00 ,Si, $	2.90 ,,,,,,,,
Campeche,Campeche,Recicladora Giles,,,Heribero Giles," 20 de Noviembre 1, Esperanza, Campeche, Camp.",24080,,Lunes a Viernes 8:00 a 17:00 ,981 129 1723,,,,,,,,,,,,si,si,,,,,,,,,
Campeche,Carmen,Reciclaje Industrial Sánchez ,,No emiten factura,,"Av. Palmas,por Calle Pino Mza. 16 Lt. 1 Col 23 De Julio, Carmen, Campeche",24150,,Lunes a Viernes 08:00 a 18:00       Sabado 08:00 a  16:00 ,938 118 2798,,reciclaje_sanchez@hotmail.com,,,,,,,,,, $	12.00 ,SI, $	12.00 ,,,,,,,,
CDMX,Alvaro Obregón,Materiales Reciclables,,,,"Calle 5 #82, Santa Anita, Álvaro Obregón,  Ciudad de México, CDMX ",1400,,,55 5680 0490,,,,,,,,,,,,SI,SI,,,,,,,,,
CDMX,Azcapotzalco,ECOFIBRAS PONDEROSA,,Planta CDMX,,"Calzada San Isidro Tecpatl 206, Fracc. Industrial San Antonio, Azcapotzalco",,,,5352 9026,,nestor.hernandez@eponderosa.com,"https://www.google.com.mx/maps/place/Ecofibras+Ponderosa/@19.4820812,-99.1996623,739m/data=!3m1!1e3!4m12!1m6!3m5!1s0x85d20286917b1081:0xc556757adb560ad3!2sEcofibras+Ponderosa!8m2!3d19.4820762!4d-99.1974736!3m4!1s0x85d20286917b1081:0xc556757adb560ad3!8m2!3d19.4820762!4d-99.1974736",19.48234,99.197395,,,,,,,,,,,, $	1.50 ,,,,,
CDMX,Azcapotzalco,On Site Destruction México S.A de C.V,,Destruye documentos,,"Poniente 150 núm. 677 -A Col. Zona Industrial Vallejo, azcapotzalco",2300,,Lunes a viernes de 08:00 am - 18:00:00 pm,55 5356 9653,https://www.onsite.mx/,,,,,,,,,,,,,,,,,,,,,Destrucción de papel
CDMX,Benito Juárez,RECUPERA MEXICO,,,Veronica Flores /Ileana Zavala,"Suc. Del Valle:Pilares 129, Col del Valle Sur, Benito Juárez, CDMX",´03100,,Lunes a viernes 8:00 am- 5:00 pm y sabado de 8:00 am -1:00 pm,"5661 1776 
5271 6001",https://www.recuperamexico.com/compra_reciclables/index.html,v.flores@recuperamexico.mx,,,,SI,,,,,,,SI,SI,,,SI,,"$0.20 / Botellas limpias, enteras y los costales o bolsas donde las lleven se quedan",,,
CDMX,Benito Juárez,RECUPERA MEXICO,,,Veronica Flores /Ileana Zavala,"Av. San Antonio #202, Col. San Pedro de los Pinos, Benito Juárez, Entre Avenida 2 y Av. Revolución
",03800,,Lunes a viernes 8:00 am- 5:00 pm y sabado de 8:00 am -1:00 pm,"5661 1776 
5271 6001",https://www.recuperamexico.com/compra_reciclables/index.html,v.flores@recuperamexico.mx,,,,SI,,,,,,,SI,SI,,,SI,,"$0.20 / Botellas limpias, enteras y los costales o bolsas donde las lleven se quedan",,,ELECTRONICOS
CDMX,Benito Juárez,RECUPERA MEXICO,,,Veronica Flores /Ileana Zavala,"Charco Azul #16, Col. Mixcoac, Benito Juárez
Entre La Castañeda y Los Echave",03910,,Lunes a viernes 8:00 am- 5:00 pm y sabado de 8:00 am -1:00 pm,"5662 1776 
",https://www.recuperamexico.com/compra_reciclables/index.html,v.flores@recuperamexico.mx,,,,SI,,,,,,,SI,SI,,,SI,,"$0.20 / Botellas limpias, enteras y los costales o bolsas donde las lleven se quedan",,,ELECTRONICOS
CDMX,iztapalapa,Reciclemex S. de R.L. de C.V.,,"No dan información por telefono, solo en persona","Ambar Miranda Sánchez
M.a de la Luz Silva"," Catarroja 871-B; Cerro De La Estrella, iztapalapa; Ciudad De México",´09860,,,555426 0995                       55615399,,farellano@recycledemexico.com,https://www.google.com.mx/maps/uv?hl=es&pb=!1s0x85ce026cf790d1b9:0x46dcadea0543bd0f!2m22!2m2!1i80!2i80!3m1!2i20!16m16!1b1!2m2!1m1!1e1!2m2!1m1!1e3!2m2!1m1!1e5!2m2!1m1!1e4!2m2!1m1!1e6!3m1!7e115!4shttps://lh5.googleusercontent.com/p/AF1QipO-7mfo3RxLkWi58rbVngoqrMOsiazNORa2dwDf%3Dw260-h175-n-k-no!5sReciclemex+S.+de+R.+L.+de+CV+-+Buscar+con+Google&imagekey=!1e10!2sAF1QipO-7mfo3RxLkWi58rbVngoqrMOsiazNORa2dwDf,19.325811,99.071323,SI,,Cubetas,,,,,,,,SI,Si,Si,,,,
CDMX,Cuauhtémoc,Reciclemos Juntos,,no dan precios por telefono,,Jaime Torres Bodet 72 Col. Santa María La Ribera,06400,,Lunes a viernes de 08:00 a 17:00    sabado de 08:00 a 15:00,5547 2647                               55 5018 0474,,informes@reciclemosjuntos.com.mx,,,,SI,,,,,,SI,SI,SI,,,SI,SI,,,,ELECTRONICOS
CDMX,Iztacalco,ETMA Reciclables,,,,"Av. Javier Rojo Gómez 182, esquina con Sur 8D. Col. Agrícola Oriental, Iztacalco",,,Lunes a Viernes de 09:30 a  17:30                                                       Sabados de 09:30 a 14:00    Domingos de 09:00 a 17:00,5763 2633,,,,,,,,,,,,SI,,,,, $	0.80 ,,,,,
CDMX,Iztapalapa,Comercial de Desechos S.A de C.V,,,," Ltote 1595 Mz 146, 4 de Diciembre de 1860 S/N, Leyes de Reforma 3ra Secc, Iztapalapa ",9310,,Lunes a Viernes de 08:00 a 18:00,5556942728,,,,,,,,,,,,Si,SI,SI,,,,,,,,
CDMX,Iztapalapa,Compra y Venta de Desperdicio de Vidrio Hermanos Elías,,Ofrece buen precio por el vidrio,Elias Reyes,Calle Ejido Mz. 85 Lote 1 Col. Sta. Ma. Aztahuacan Déleg. Iztapalapa Ciudad de México ,´09500,,,552608 6146,,71@yahoo.com.mx,No lo localizo ,,,,,,,,,,,,,,,,$.80 botellas enteras separado por colores,,,
CDMX,Iztapalapa,Global Plastics de México S.A. de C.V.,,,"C.P. Luis Bazan González, Augusto Morales","Benito Juárez 50 , Col. Santa María Aztahuacan, Iztapalapa, México, D.F.",´09570,,Lunes a Viernes de 08:00 a 17:00 Sabado 08:00 a 14:00,5556 93 91 04 / 5556 93 58 49,,gtm_op_dj@globalplastics.com.mx,,,, $	6.50 ,Si,Si,,,,,,,,,,,,,,
CDMX,Iztapalapa,QF Mex S.A de C.V,Autorizado - LAU CDMX 2019,"Son tres empresas, Velty, Ecoformado y QF Mex",Paulina Moro Bañuelos,"Canal de Garay 485 Colonia Cerro de la Estrella Del. Iztapalapa,  ",´09850,,"08:00 Am - 04:00 pm Lunes a jueves
08:00 am- 12:00 pm Sabado","54 26 75 61
54 26 74 42
54 26 49 85",www.qfmex.com,"qfmex@prodigy.net.mx (rebota el correo)
cfdi@hotmail.com
ecoformado@hotmail.com
cfdiecoformado@hotmail.com","https://www.google.com.mx/maps/place/Anillo+Perif.+Canal+de+Garay+485,+Cerro+de+la+Estrella,+09860+Ciudad+de+M%C3%A9xico,+CDMX/@19.324689,-99.0708854,3a,75y,315.21h,95.96t/data=!3m6!1e1!3m4!1s9JD-sv9Z5yqSnFu-MAGOJQ!2e0!7i13312!8i6656!4m8!1m2!2m1!1sPeriferico+Oriente+485+(Canal+de+Garay)+Colonia+Cerro+de+la+Estrella+Del.+Iztapalapa,++C.P.+09860!3m4!1s0x85ce026ed51597ad:0xf9b3ad3d14c8ddda!8m2!3d19.3247052!4d-99.0711772",19.325005,99.070933,,,,Si,,,,,,Si,Si,,,,,,
CDMX,Iztapalapa,Recicla y Juega S.A de C.V,,,,"campesinos 393, Col. Santa Isabel Industrial , Iztapalapa",´09820,,Lunes a Viernes 08:00 a 17:00,552608 7760,,reciclayjuega9@gmail.com,,,,si,,,,,,SI,,,,,Si,,,,,
CDMX,Iztapalapa,Recycle Catarroja S.A. de C.V.,,,Ma. De la Luz Silva / Fernando Arellano,Av. Cartarroja No. 445 Col. San Nicolás Tolentino C.P. 09850 México,´09850,,Lunes a Viernes 7:00 a 18:30,5554 26 09 95,,farellano@recycledemexico.com,"https://www.google.com.mx/maps/@19.3276919,-99.0838977,3a,90y,208.27h,94.8t/data=!3m6!1e1!3m4!1smzfQb1NYDdwyuGIaqSD_Zw!2e0!7i13312!8i6656",19.32782,99.083965,SI,,,,,,,,,,,SI,,,,,
CDMX,Miguel Hidalgo,RECUPERA MEXICO,,,Veronica Flores /Ileana Zavala,Suc. Tacubaya: Martires de Tacubaya N.5 Col. Tacubaya Casi Esq. Con puente de la morena,11870,,Lunes a viernes 8:00 am- 5:00 pm y sabado de 8:00 am -1:00 pm,"5661 1776 
5271 6001",https://www.recuperamexico.com/compra_reciclables/index.html,v.flores@recuperamexico.mx,,,,SI,,,,,,,SI,SI,,,SI,,"$0.20 / Botellas limpias, enteras y los costales o bolsas donde las lleven se quedan",,,ELECTRONICOS
CDMX,Tlahuac,"Bodegas Estrella, S.A de C.V.",,,,"Calle Providencia 89, col. Los Olivos, del. Tláhuac.",13210,,Lunes a Sabado de 07:00 a 18:00,555845 1599,http://bodegasestrella.com.mx/index.php/que-compramos,"bodestrella@prodigy.net.mx
info@bodegasestrella.com.mx",,,,,,,,,,,,,,,SI,,,,,
Chiapas,San Cristóbal de las Casas,Productos Reciclables de los Altos / Hipolito Zuñiga,,,"Hipólito Hernández
Refich Ing. Rubén Santiago o con Iván","Prolongación Insurgentes 141, Colonia Barrio De María Auxiliadora, San Cristóbal de las Casas",29290,,Lunes a viernes de 07:00 -05:00 pm y Sabados de 07:00 am- 03:00 pm ,967 137 8141                                                  967 161 4542,,"reciclablesdelosaltos@hotmail.com
malti_80@hotmail.com",,,,SI,SI,SI,,,,SI,SI,SI,,,SI,SI,SI,,,
Chiapas,Tuxtla Gutierrez,IMER / Refich,,,"Lic. Rubén Santiago
C.P. Amairani Aguilar
Lic. Carlos Santiago / Brenda Hernandez","Calzada Conasupo Num. 65 Colonia San Jose de Terán, Tuxtla Gutierrez Chiapas",,,Lunes a Viernes de 8:30 a 17:00                                                    Sabados de 8:30 a 13:00 ,961 615 43 85,,carlos.refich@hotmail.com; cien1914@hotmail.com,,,,SI,SI,SI,,,,,,,,,SI,SI,, $	1.50 ,,
Chihuahua,Chihuahua,KALISCHATARRA S. DE R.L. DE C.V.,,Recibe material ferroso entre ellos aluminio,Srita. Lizeth,"Av. Zaragoza 2717, Nombre de Dios  Chihuahua, Chihuahua
",31150,,Lunes a viernes de 08:30 a 6:00 pm,614 419 0684,http://www.kalischatarra.com/,caja.zaragoza@kchatarra.com,"https://www.google.com/maps/place/Kalischatarra+Zaragoza/@28.675558,-106.0923078,159a,35y,45t/data=!3m1!1e3!4m8!1m2!2m1!1sreciclaje+en++chihuahua!3m4!1s0x86ea4300ebbc31c5:0xa0241ed8dc3a2c50!8m2!3d28.676924!4d-106.09168",28.676953,106.091681,,,,,,, $	17.00 ,,,,,,,,,,Ferrosos
Chihuahua,Chihuahua,Metálica Palomito,Autorizado - 2284/2008,,Manuel Palomino,Av. De las Industrias 17105 Col. Villas del Real  Chihuahua Chi. ,31137,,,"614 550 4605     
",,jseduarte@hotmail.com,,,,,,,,,, $	19.00 ,, $	2.50 ,,,,,,,,
Chihuahua,Chihuahua,RECICLADORA TASA,,A granel el PET y HDPE en sacos.,Claudia Patricia García Gutiérrez,"Calle 37 Y FUERZA AEREA, COL VALLE DE CHIUHUA, Chiuahua",,,7 A 7 PM,614 100 5366,,,,,,SI,SI,nylon natural y emplaye,,,,SI,SI,SI,,,SI,SI,SI,,,
Chihuahua,Chihuahua,Reciclados In Pack,,,Odalis Prieto,"Calle Sierra Santa Maria del Pino N. 5300 Col. Primero de Mayo, Chihuahua",31074,,Lunes a Viernes de 07:00 a 17:00,"614 435 3599 ext. 113
614 188 2946",,reciclado@inpackonline.com,No lo localizo ,,,"Transparente $10.8, color $5", $	7.50 ,,,,,,,,,,,,$.25 Cualquier color,,,
Chihuahua,Chihuahua,Reciclados REMISA,,,Sara Perez,"Rodolfo Fierro 2113, col. div del norte, chiuhua",31064,,Lunes a Viernes 08:00 a 17:00 ,614 416 0494,,tecnologico@remisa.mx,"https://www.google.com/maps/place/Reciclados+Varela/@28.6961103,-106.1199355,131m/data=!3m1!1e3!4m8!1m2!2m1!1sreciclaje+en++chihuahua!3m4!1s0x86ea42363de027a3:0xc06007f3ddd28886!8m2!3d28.6960557!4d-106.1198293",28.696086,106.11983,,,,,,,SI,SI,SI,,,,,,,,
Chihuahua,Ciudad Juárez ,"Reciclados MORLIM
",,,ROCIO LUNA,"Calle Manzanillo 10720, Granjas Polo Gamboa,  Ciudad Juárez, Chihuahua, México",32674,,Lunes a Viernes de 07:00 a 16:00             Sabado de 07:00 a 12:00 pm  ,656 170 8844                                             656 336 3535,,,No lo localizo ,,,,SI,,,,,SI,SI,SI,,,,,,,,
Chihuahua,Ciudad Juárez ,Metales Méndez,,Mayoreo y menudeo,"Ernestina
Ma. Elena o Alfredo Méndez
Yunque Méndez","El Porvenir - Cd Juarez 295, km 20, 32674 Cd Juárez, Chih.",,Frente de carnitas don EPI antes del Eje Juan Gabriel.,"De 7:30 a 17 hrs., sábado de 8 a 13 hrs.",656 633 1049,,luis.mendezal@yahoo.com.mx,"https://www.google.com.mx/maps/@31.6075263,-106.4688578,3a,75y,347.51h,82.33t/data=!3m6!1e1!3m4!1sMTaJp8Z3JvdmigGCTvngIA!2e0!7i13312!8i6656",31.602601,106.38458,,,,,,,SI,SI,SI,,,,,,,,
Chihuahua,Ciudad Juárez ,Rekuplast  S. de R.L. de C.V.,,,Ignacio Corella / Rodolfo Corella,"Av. Ruiseñor 6716-6 Fracc. del Marquez Cd. Juarez, Chihuahua, Mx.",32607,,Lunes a Viernes de 09:00 a 17:00 ,656 629 1457   ,www.rekuplast.com,"rekuplast@yahoo.com 
rodolfo@rekuplast.com
rekuplast@yahoo.com","https://www.google.com/maps/place/Rekuplast/@31.70026,-106.426716,18.5z/data=!4m5!3m4!1s0x86e7674a9609ad2b:0xb9858487657128a3!8m2!3d31.70026!4d-106.426716",31.70037,106.426729,Si,SI,,,,SI,,,,,,,,,Si,,Plásticos gruesos
Coahuila,Piedras Negras ,Fierros y Metales Fronterizos,,Emite factura,,"Panteón Santo Cristo 307 Col. San Joaquín, Piedras Negras.",,,,"878 783 51 43
878 783 48 40
",http://piedras-negras.mexicored.com.mx/fierros-y-metales-fronterizos.html,fierrosymetalesf@gmail.com,,,,SI,SI,,,,,SI,SI,SI,,,,,,,,
Coahuila,Piedras Negras ,RvReciclados S.A. de C.V.,No autorizado,,Rosalinda Villarreal Lopez / Reginaldo Rodriguez,"Carretera Acuña Km. 6, Col. Ejido Piedras Negras, Piedras Negras, Coah.",26015,,,878 115 3512,,chalindita@hotmail.com,,,,SI,SI,,,,,SI,SI,SI,,,SI,,SI,,,
Coahuila,Saltillo,Comercializadora de Metales Reciclables,,,Oscar Méndez,"Vicente Guerrero 221, Colonia La Palma",25023,Frente del Museo del Desierto,Lunes a viernes de 08:00 am - 01:00230 A 6 pm SAB ,844 271 4758,,oscarcomare@hotmail.com,"https://www.google.com/maps/@25.4112025,-100.9629501,3a,75y,233.54h,81.93t/data=!3m6!1e1!3m4!1s6jrPJiuepAlzc9iLqWyUXg!2e0!7i13312!8i6656",25.414623,100.968113,SI,SI,,,,SI,SI,,SI,,,,SI,SI,,,
Coahuila,Saltillo,J-FRECK,,Solicita llevemos muestras de PEAD y bolsas,Ricardo Mancilla,"Libramiento Oscar Flores Tapia km 12 Parque Industrial Arteaga. Arteaga, Coah. 
",25270,Enfrente de donde sacan las licencias de conducir y a un costado de transportes SLS,Lunes a Viernes de 08:00 a 18:00 Sabado 08:00 A 13:00,844 173 5725,,reciclandoalmundo@hotmail.com; bolsas.rubi@hotmail.com ,"https://www.google.com/maps/@25.4569899,-100.8958729,3a,15y,101.7h,89.77t/data=!3m6!1e1!3m4!1sV6utseol5WuCai51Gol2Tg!2e0!7i13312!8i6656",25.486691,100.909209,SI,SI,"SI, limpio ",,SI,,SI,SI,SI,,,,SI,SI,,,
Coahuila,Saltillo,Materiales Reciclables Saltillenses S.A. de C.V. (MARESA),,,Adriana Ortega / GRISELDA GUAJARDO,"Torre de pisa 350 Parque Industrial Las Torres, Saltillo, Coahuila ",25114,,Lunes a viernes de 8:00 a 13:00 y de 14:00 a 18:00 sabado de 8:00 - 02:00 hrs.,"844 431 1016 
844 431 1021

",," cuentasporcobrar@grupomaresa.com.mx
contacto@maresa.biz
coordinaciongeneral@maresa.biz",,,,SI,SI,,,,,,,,,,,,,,,
Coahuila,Torreón,Grupo Reciclaje la Laguna,,,"Gustavo Eimbcke/Lizeth Fuentes
Grupo Reciclaje la Laguna","AUTOPISTA TORREON SALTILLO KM 31, MATAMOROS, Coahuila, México",27740,,Lunes a Sabado de 08:00 a  19:00  ,"871 260 1131
871 887 4625",,"gustavo@gruporeciclaje.com; compras@gruporeciclaje.com
vcortes@petstar.mx
rhuerta@petstar.mx",,,,SI,SI,SI,,,, $	16.00 ,,,,,,,,,,
Colima,Colima,Benjamin Perez Campos - Acopio Petstar,,TELEFONOS INVALIDOS,Benjamín Perez,"Hacienda del Carmen 13, Col. La Haciendita, Villa de Álvarez, Colima ",,28987,7 a 3 pm lun a sab,"3121948280  312 194 8278
312 194 8281 
312 163 7672",,reciclerevive@hotmail.com,,,,SI,SI,SI,,,,,,,,,,,,,,
Colima,Colima,Recicladora Guerra,,"SON CAMIONETAS, NO ESTAN COMO TAL ESTABLECIDOS",Erik Guerra, Calle Acapulco Esq. Sinaloa Col. Santa Maria Colima   ,,,,312 301 7407,,,,,,SI,,,,,,Si,,Si,,,,,,,,
Colima,Colima ,Plásticos Jaliciences,,,Carlos Verduzco,"IGNACIO TORRES 85, Colonia el Moralete, Colima ",28060,,Lunes a Viernes de 08:00 am - 06:00 pm,312 304 0323,,reciclados_vereduzco@hotmail.com,"https://www.google.com/maps/place/Soto+y+Gama+85,+El+Moralete,+28060+Colima,+Col./@19.2343035,-103.7121571,3a,77.6y,139.68h,84.78t/data=!3m6!1e1!3m4!1s0QrSWuhhsdt56NU4uIz3CQ!2e0!7i13312!8i6656!4m5!3m4!1s0x84255009651a8c0f:0x1d1243c3e70a636!8m2!3d19.2344548!4d-103.7122055",19.234277,103.712112,,SI,SI,,,,SI,,,,,,,,,,
Colima,Manzanillo,Recicladora Shigaldi,,,Daniel Garcia,"Av Elías Zamora SN, Salagua, Manzanillo, Col.",28869,,Lunes  a Viernes de 09:00 A 19:00 ,314 1578299,,,https://goo.gl/maps/ztZpF6RWe2bHVyEeA,19.117196,104.33057,,, $	3.50 ,,, $	3.50 ,SI,,SI,,,,,,,,
Colima,Manzanillo,Reciclados El Jaliscience,,,,"  Av. Libramiento S/N Col. Tapeixtles. Manzanillo, Colima",,,,314 138 2309,,,,,,,,,,,,Si,,Si,,,,,,,,
Durango,Durango,Aceros Universal ,No autorizado,,,"Carretera México 1115, reserva terminal sur, Durango, ",34220,,Lunes a Viernes de 9:00 a 17:30                                                                     Sabado de 09:00 a 13:00,618 817 8840,,aceros.universal@gmail.com,https://goo.gl/maps/KuZtCzjGiS7FQWve9,24.03024,104.606654,,,,,,,Si,,Si,,,,,,,,
Durango,Durango,Reciclables Guadiana,,,,"Rubidio s/n,, esquina con Bromo a un costado del Cerezo,Ciudad industrial, Durango",34208,,"de 8:30 a 14 y de 161 a 19 hrs. de lunes a viernes
sabados de 8:30 a 15 hrs.",618 814 20 57,,rvdelgado@yahoo.com.mx,https://goo.gl/maps/HJoByVgm9dmFikpJ6,24.076768,104.594558,SI,,,,,,Si,,,,,,,,,,
Durango,Durango,Reciclados Eco Plastik ,,,Eloi Matteo Luna,"Carretra Durango a Mexico km 2.5 Col. Valle Verde Oriente Durango, Dgo",34284,,Lunes a vierness de 08:00 - 06:00 pm,618 134 13 96 / 618 111 86 57,,"recicla_0102pet@hotmail.com
mega_plastik@hotmail.com
pet_exotico99@hotmail.com
pet_exotico99@hotmail.com",,,,SI,SI,,,,,,,,,,,,,,,
Durango,Durango ,Reciclajes TNT,,,Jairo Vaquera,"Avenida Primo De Verdad 1608, , Col. Lucio Cabañas",34140,,de lunes a viernes de 9 a 18 y sabado de 9 a 15 hrs.,"618 197 95 83 y 84
045 618 133 01 32",www.cedirecicla.com.mx,"www.cedirecicla.com.mx
reciclajestnt@hotmail.com",,,,SI,SI,,,,SI,,, $	12.00 ,,,,Si,,,,Desp Industrial
Estado de México,Chalco,Recicla y Recibe,,Canjean el material por productos de su catalogo,,"Véneto, Fraccionamiento Real Verona,Ojo de Agua, Méx.",55767,,Lunes a Viernes 10:00 a 17:00          Sabado y Domingo de 10:00 a 13:00 ,5565812081,,,"https://www.google.com/maps/place/ALMAC%C3%89N+RECICLA+%26+RECIBE+CHALCO+III/@19.2773844,-98.8469157,15z/data=!4m5!3m4!1s0x0:0xd9a84bde96260d4c!8m2!3d19.2773844!4d-98.84691571slos+heroes+tizayuca!3m5!1slos+heroes+tizayuca!2s19.653129,+-98.985629!4m2!1d-98.985629!2d19.6531287!3m4!1s0x85d191a61ec99cfb:0x89f1819c13bd9bfa!8m2!3d19.8538846!4d-98.9733516?hl=es",19.277638,98.846905,Canje,Canje,,,,,Canje,,Canje,,Canje,Canje,Canje,Canje,,,
Estado de México,Chalco,Recicla y Recibe,,Canjean el material por productos de su catalogo,,"Lago de Catemaco,Chalco de Díaz Covarrubias, Méx.",56644,,Lunes a Viernes 10:00 a 17:00          Sabado y Domingo de 10:00 a 13:00 ,5565812081,,,"https://www.google.com/maps/place/ALMAC%C3%89N+RECICLA+%26+RECIBE+CHALCO+III/@19.2773844,-98.8469157,15z/data=!4m5!3m4!1s0x0:0xd9a84bde96260d4c!8m2!3d19.2773844!4d-98.84691571slos+heroes+tizayuca!3m5!1slos+heroes+tizayuca!2s19.653129,+-98.985629!4m2!1d-98.985629!2d19.6531287!3m4!1s0x85d191a61ec99cfb:0x89f1819c13bd9bfa!8m2!3d19.8538846!4d-98.9733516?hl=es",19.277668,98.846841,Canje,Canje,,,,,Canje,,Canje,,Canje,Canje,Canje,Canje,,,
Estado de México,Ecatepec,Multiplasticos BV,,,Jose Luis Beltran Pineda,"Cuahutemoc 72, urbana izhuatepec, Edo. de México, ",55320,Color gris frente a la bascula,Lunes a Viernes de 06:00 a 20:00 y Sabado de 06:00 a 13:00,55 36 65 21 80,,joseluis.beltran@multiplasticos.mx,"https://www.google.com/maps/place/MultiplasticosBV/@19.5267317,-99.0696617,3a,82.1y,120.38h,95.2t/data=!3m7!1e1!3m5!1s0CVQL6kScwJ8a0uCqWP-8g!2e0!6s%2F%2Fgeo1.ggpht.com%2Fcbk%3Fpanoid%3D0CVQL6kScwJ8a0uCqWP-8g%26output%3Dthumbnail%26cb_client%3Dsearch.TACTILE.gps%26thumb%3D2%26w%3D86%26h%3D86%26yaw%3D116.64305%26pitch%3D0%26thumbfov%3D100!7i13312!8i6656!4m5!3m4!1s0x85d1fa77152c7803:0x6018b28a89134603!8m2!3d19.526673!4d-99.0695626",19.523312,99.084422,Si,Si,,,,Si,SI,,,,,,,,,,
Estado de México,Lerma ,Vidrio Formas,,Compra a partir de 50 toneladas a la semana ,Arturo Díaz,"S. Rafael 37, FIndustrial Lerma, Isidro Fabela, Lerma de Villada, Méx.",52000,,Lunes a Viernes de 08:00 a 16:00,728 285 2330 EXT 312,http://www.vidrioformas.com/,arturodiaz@vidrioformas.com,No lo localizo en maps,,,,,,,,,,,,,,,,"Si, envases limpios",,,
Estado de México,Lerma de Villada,Arpema Plasticos S.A. de C.V.,,,Pedro Arnauda R.,"Rancho Don Pepe 230, Francisco I Madero,  San Mateo Atenco, Méx.",52106,,Lunes a Viernes de 09:00 a 18:00,722 286 9600,,cmartinez@arpema.com.mx,"https://www.google.com.mx/maps/@19.3131878,-99.543067,3a,75y,80.26h,90t/data=!3m7!1e1!3m5!1s7IfSxEQMnDxatGyI1t7p4Q!2e0!6s%2F%2Fgeo2.ggpht.com%2Fcbk%3Fpanoid%3D7IfSxEQMnDxatGyI1t7p4Q%26output%3Dthumbnail%26cb_client%3Dmaps_sv.tactile.gps%26thumb%3D2%26w%3D203%26h%3D100%26yaw%3D79.69501%26pitch%3D0%26thumbfov%3D100!7i13312!8i6656",19.303328,99.535575,Pet post Industrial,,,,,,,,,,,,,,,,
Estado de México,Los Reyes Acaquilpan,PROMAPI,,Reciclan el vidrio y debemos registrarnos como proveedor ,ricardo garcia,Carretera Federal México-Texcoco Km 21.5. Los Reyes Acaquilpan,56500,,Lunes  a Viernes de 06:00 a 18:00 Sabados de 06:00 a 14:00,5856 8871 y 72,http://www.reciclatuvidrio.com/promapi/,ruben.velazquez@o-i.com,No lo localizo ,,,,,,,,,,,,,,,,"Vidrio cristalino a $1,5750 tns / Vidrio de color verde, ámbar y azul $1,500 tns",,,
Estado de México,Los Reyes la Paz ,"Reciclados del Izta, S. de R.L. de C.V.",,Ya ha trabajado con ECOCE,Ing. José Guadalupe Mireles Hernández,"Francisco I Madero 26 Col. La Magdalena Atlicpac, Los Reyes la Paz, Edo Méx
",56525,,Lunes a Viernes de 07:00 a  16:00 ,55 4458 2720,,joseg.mireles@gmail.com,,,,,,,,,,,, $	0.80 ,SI,"SI, blanco",,,,,,
Estado de México,Morelos,"Integradora Mexicana de Reciclados Sustentables, S.A. de C.V.",,telefono a cambiado,Ing. Carlos Acosta Mendoza,"Calle San Agustin S/N Colonia Pueblo Nuevo de Morelos Estado de México,",55600,,,"551 677 9109
55 1993 8096",,imerssa@hotmail.com,,,,,,,,,, $	16.00 ,, $	1.80 ,,Si,,,,,,
Estado de México,Naucalpan,"Desperdicios Industriales
",,,"Jenny Trejo
","Avenida Gustavo Baz 33 San Bartolo Naucalpan , Sobre Gustavo Baz, 20 de Noviembre 4 Avenida  Gustavo baz ",53100,A espaldas de palacio municipal,"Lunes a viernes de 9:30 a 06:00 pm y sabados de 9:30 03:00 hrs,","557042 7198 
553868 8067 
 55 6038 1203",desperdicios-industriales6.webnode.mx,compradesperdicios@gmail.com,"https://www.google.com.mx/maps/@19.4773052,-99.2325212,3a,51.8y,285.5h,90.85t/data=!3m6!1e1!3m4!1sLPOu0sWDlHTTk-sGiIr6uw!2e0!7i13312!8i6656",19.476851,99.232619,SI,SI,,,,,SI,SI,SI,,,SI,,,,,
Estado de México,Naucalpan,Industria Vidriera Naucalpán S.A DE C.V,,Recibe roto o botellas enteras separadas por color ,Ma. Trinidad Hernández V.,Av. Naucalpan #180 B Col La Cañada  Naucalpán Edo Méx,53570,,Lunes a Viernes 09:00 a 18:00 ,5553 59 5822,,,,,,,,,,,,,,,,,,,Si,,,
Estado de México,Naucalpan,Marcela Hernandez,,"Botellas enteras o rotas, solo separado por color",Marcela Hernández,camino real a san mateo sn col san mateo en Naucalpan Edo. de México,53219,,lunes a virnes 08:00 a 16:00 Sabado de 08:00 a 12:00 pm ,55 2762 4107,,,"https://www.google.com/maps/place/Calle+Orqu%C3%ADdea+13,+Loma+Linda,+53619+Naucalpan+de+Ju%C3%A1rez,+M%C3%A9x./@19.4628273,-99.2425409,42a,35y,349.52h,45.02t/data=!3m1!1e3!4m5!3m4!1s0x85d203ae2af182f5:0xa4343509eb752973!8m2!3d19.4633757!4d-99.2424928",19.463406,99.242492,No,,,,,,SI ,,,,,,,"$500 ton verde
$750 Ton Ámbar
$1000 cristal",,,
Estado de México,San Nicolas Tolentino,Servicio Ecológico de Limpieza (SEL),,,Juan Jose Ortega Sánchez / Vanesa Ortega Roldan,"Calle Jose Maria Morelos No. 300 San Nicolás Tolentino, Toluca Edo de México ",50230,,Lunes A Viernes de 08:00 A 17:00,722 171 4567,,seljjortega@hotmail.com,"https://www.google.com.mx/maps/@19.3524464,-99.5803537,3a,75y,258.91h,84.48t/data=!3m6!1e1!3m4!1sK2eVkJNUVV5aZEY33u6DZg!2e0!7i13312!8i6656",19.353786,99.582087,SI,,,,,,SI,,,,Si,,,,,,
Estado de México,Tecámac,"Tecnología de Reciclaje, S.A. de C.V. (TdeR)",,,"Marcelino Mendoza
Julio López Lena","Av. Bosques de Chapultepec No. 32 Fraccionamiento Bosques de, Tecámac de Felipe Villanueva, Méx.",55764,"Lateral del Circuito Exterior Mexiquense, 1.5 Kilómetros
adelante de Casas SADASI en Los Héroes de Tecámac",Lunes a viernes 07:30 - 06:00 pm Sabado 08:00 a 12:00,58 36 72 60 EXT 216,,compraspet@tdr.mx,,,,SI,,,,,,,,,,,,,,,,
Estado de México,Teotihuacan,Destrucciones Rodriguez ,,NO QUIEREN DAR INFORMACION POR TELEFONO,Rosendo Rodríguez,"Municipio de Teotihuacán, Col. Palomar Atlatongo",,,,"55 1380 0818
554 9831 1278 ",,destrucciones3r@hotmail.com,,,,,SI,,,,,SI,,,,,,,,,,
Estado de México,Tizayuca,Recicla y Recibe,,Canjean el material por productos de su catalogo,,"Los Heroés Tizayuca
",,,"Lunes a viernes 09:00 - 06:00 pm
Sabado 09:00 a 01:00 pm",5565812081,,,"https://www.google.com.mx/maps/place/Los+Heroes+Tizayuca+Centro+de+Ventas+Sadasi/@19.8538846,-98.9738988,171m/data=!3m1!1e3!4m14!1m8!2m7!1slos+heroes+tizayuca!3m5!1slos+heroes+tizayuca!2s19.653129,+-98.985629!4m2!1d-98.985629!2d19.6531287!3m4!1s0x85d191a61ec99cfb:0x89f1819c13bd9bfa!8m2!3d19.8538846!4d-98.9733516?hl=es",19.85439,98.973153,Canje,Canje,,,,,Canje,,Canje,,Canje,Canje,Canje,Canje,,,
Estado de México,Tlalnepantla de Baz,Gilorio,,,Karla Gpe. Oriol Reyes ,"Río de los remedios73 Col. San Juan Ixhuatepec, Tlalnepantla de Baz ",,Cerca del cruce de Insurgentes Norte y Río de los Remedios calle adoquinada,Lunes a Viernes de 8:30 a 6:00 p.m. y sábados de 9:00 a 16:00 p.m.,"55 6252 9226
55 6611 3651
",,karlaori27@gmail.com,,,, $	7.50 ,,"SI, TRANSPARENTE",,,, $	15.00 ,, $	3.80 ,,,SI,,,,,
Estado de México,Toluca,Centro de Acopio Toluca,,ECO Centros Toluca,,"Mercado Morelos, Calle José Luis Álamo, Colonia Morelos 1ra Sección",,,,,,,,,,Si,Si,,,,,Si,,Si,,Si,,,,,,Si
Estado de México,Toluca,Centro de Acopio Toluca,,ECO Centros Toluca,,"WalMart Terminal, Prolongación 5 de Mayo, Colonia Progreso",,,,,,,,,,Si,Si,,,,,Si,,Si,,Si,,,,,,Si
Estado de México,Toluca,Centro de Acopio Toluca,,ECO Centros Toluca,,"Súper Kompras de Pino Suárez, Pino Suárez Sur esq. Plan de Ayala, Colonia La Magdalena",,,,,,,,,,Si,Si,,,,,Si,,Si,,Si,,,,,,Si
Estado de México,Toluca,Centro de Acopio Toluca,,ECO Centros Toluca,,"Súper Kompras Fidel Velázquez, Fidel Velázquez esq. Nezahualcóyotl, Barrio San Sebastian.",,,,,,,,,,Si,Si,,,,,Si,,Si,,Si,,,,,,Si
Estado de México,Toluca,Centro de Acopio Toluca,,ECO Centros Toluca,,"Soriana, Av. Adolfo López Mateos, Col. Miguel Hidalgo y Corralitos.",,,,,,,,,,Si,Si,,,,,Si,,Si,,Si,,,,,,Si
Estado de México,Toluca,Centro de Acopio Toluca,,ECO Centros Toluca,,"El Calvario, Horacio Zúñiga esq. con Quintana Roo.",,,,,,,,,,Si,Si,,,,,Si,,Si,,Si,,,,,,Si
Estado de México,Toluca,Centro de Acopio Toluca,,ECO Centros Toluca,,"La Mora, Circuito Adolfo López Mateos esq. Adolfo López Mateos, Col. La Mora.",,,,,,,,,,Si,Si,,,,,Si,,Si,,Si,,,,,,Si
Estado de México,Toluca,Centro de Acopio Toluca,,ECO Centros Toluca,,"La Galia, Rosas esq. Dalias, Fraccionamiento La Galia, San Pedro Totoltepec.",,,,,,,,,,Si,Si,,,,,Si,,Si,,Si,,,,,,Si
Estado de México,Toluca,Centro de Acopio Toluca,,ECO Centros Toluca,,"Parque Cuauhtémoc (Alameda Central), C. Ezequiel Ordoñez, Col. Merced Alameda.",,,,,,,,,,Si,Si,,,,,Si,,Si,,Si,,,,,,Si
Estado de México,Toluca,Centro de Acopio Toluca,,ECO Centros Toluca,,"Santa María Zozoquipan, Independencia No. 143, Santa María Zozoquipan (en la explanada de la subdelegación).",,,,,,,,,,Si,Si,,,,,Si,,Si,,Si,,,,,,Si
Estado de México,Toluca,Centro de Acopio Toluca,,ECO Centros Toluca,,"Sauces V; Paseo de las Palmas, entre Hacienda de en Medio y Hacienda Axapusco",,,,,,,,,,Si,Si,,,,,Si,,Si,,Si,,,,,,Si
Estado de México,Toluca,Centro de Acopio Toluca,,ECO Centros Toluca,,"Independencia, C. Valladolid entre 20 de Noviembre y Acatempan, Colonia Independencia",,,,,,,,,,Si,Si,,,,,Si,,Si,,Si,,,,,,Si
Estado de México,Toluca,Mercado de Reciclado Urawa,,,Daniela,"Urawa 110 Col. Progreso, Toluca.",,,,722 212 1821,,peirbas@hotmail.com,,,,SI,,,,,,,,,,,SI,,,,,
Estado de México,Toluca,Recicladora Santa Ana,,,,"Blvd. Solidaridad las Torres 13, Delegación Sta Ana Tlapaltitlán Toluca de Lerdo, Méx",50160,,"Lunes a Viernes de 08:00 a 06:00
Sabado 08:00 a 04:00",722 407 5923,,,,,,Si,,,,,,SI,Si,Si,,,Si,,,,,
Estado de México,Toluca,Servicio Ecológico de Limpieza (SEL),,,Juan Jose Ortega Sánchez / Vanesa Ortega Roldan,"Calle Jose Maria Morelos No. 300 San Nicolás Tolentino, Toluca Edo de México C.P. 50230",50230,,Lunes a Vierenes de 09:00 a 16:00,722 171 48 49,,seljjortega@hotmail.com,,,,,,,,,,,,,,,,,,,,
Estado de México,Toluca ,IMER,Licencia de Funcionamiento Municipal,,Diana Esquivel Vazquez,"Carr. Toluca-Naucalpan Km. 52.8 N° 1501 Sn. Mateo Otzacatipan Casi esq. Con Av. Las Partidas, Parque Industrial Toluca 2000 , Toluca Estado de México 
",50200,,,"722 277 0471 
Ext. 309
722 522 7085",,"lizbeth.buenrostro@imer-mex.com.mx
rosario.ramirez@imer-mex.com.mx
centrodetransferencia@outlook.com","https://www.google.com.mx/maps/@19.36716,-99.5686973,3a,75y,336.92h,91.47t/data=!3m6!1e1!3m4!1scyeNZvSVvOojK8q6QA6uTw!2e0!7i13312!8i6656",19.367049,99.568523,SI,,,,,,,,,,,,,,,,
Estado de México,Tultitlán,Plásticos Panamericanos S.A. de C.V.,,,Ulises Rangel,"Av. Uno 2029 Esq. Calle Cuatro Parque Ind. Tultitlan 54900, Tultitlan, Edo. De México.",,,Lunes a Viernes de 09:00 a 18:00,58 99 80 81     58 88 35 33,,urangel@grupotampico.com,,,,,Si,,,,,,,,,,,,,,,
Guanajuato,Celaya - Guanajuato,"Centro de Procesamiento de Resinas, S.A. de C.V. CPR Mex",,Ya trabajó con ECOCE,Pietro Bello /Francisco González / Alberto Ramirez,"Carretera Celaya a Salvatierra, Km. 14 s/n Localidad Ojo Seco -  Celaya - Guanajuato",38158,,,461 165 86 46 ext. 112,,franciscogonzalez@cprmex.net; pietrobello@cprmex.net; albertoramirez@cprmex.net,"https://www.google.com.mx/maps/place/CPRMEX+S.A.+De+C.V./@20.3936545,-100.7879235,16.25z/data=!4m12!1m6!3m5!1s0x842cba6e69b0f701:0x28f8509e8b1c49cd!2sCPRMEX+S.A.+De+C.V.!8m2!3d20.394098!4d-100.788121!3m4!1s0x842cba6e69b0f701:0x28f8509e8b1c49cd!8m2!3d20.394098!4d-100.788121",20.394590,100.788117,SI,,,,,,,,,,,,,,,,
Guanajuato,Guanajuato,Petstar (Samuel Cuevas) ,,,Samuel Cuevas Elias,"Carretera Guanajuato-Silao KM. 8.5 Col. San José de Luz Gto, Guanajuato ",36030,,,"473 134 31 75
",,samuelcuevaselias@live.com.mx,,,,SI,SI,,,,,SI,,SI,,,,,,,,
Guanajuato,Guanajuato,Recicladora y autopartes Mayorga,,,Sr. Juan Mayorga,"Carretera Libre Gto.-Silao Km. 7.5 Poblado Nochebuena, Gto., Gto, ",,Adelante de la báscula, lunes a viernes de  09:00 a 18:00 y sábado de 09:00 a 14:00 hrs.,473 114 63 27,,,,,,SI,SI,,,SI,SI,SI,,SI,,,SI,,,,,
Guanajuato,Celaya - Guanajuato,CPR,,,ALBERTO RAMIREZ ENCARGADO DE COMPRAS ,"Carretera Celaya Salvatierra km 14, s/n, Loc. Ojo Seco, Celaya",38158,,,"461 206 23 27
461 165 8646 y 47 ext. 112",,,,,,SI,,,,,,,,,,,,,,,,
Guanajuato,Leon,Reciclados y empacados de Leon antes S.A de C.V antes  Fibramet,,,"Paulino Hernández Ramírez
Sr. Erick Hernández Flores
Sr. Emmanuele Herandez Flores4","jorge vertiz campero 1817, col san pedro de los hernandez, leon juanjuato",37278,,Lunes a Viernes 08:00 a 17:00 Sabado de 08:00 a 13:00,477 711 40 49 / 49 55,,lambolimbo@otmail.com,,,, $	5.00 ,,,,,, $	12.00 ,, $	3.00 ,,,, $	1.70 ,,,,
Guanajuato,León,PETSTAR (Reciclyn),,,"Fernando Carmona
Fernando Zamora",Circuito de la Alizarinan No. 705-1 El Timbre León Guanajuato,37666,,,044 55 44 94 29 70,,"vcortes@petstar.mx
rhuerta@petstar.mx",,,, $	4.00 , $	3.00 ,,,,, $	15.00 ,,$1.50,,,,,,,,
Guanajuato,León,Recicladora Navarros ,,No contestan el telefono,,Calle Olimpia con esquina Blvd Villas de San Juan,,,,"
045 (477) 315 3354",,albertoramirez@cprmex.net,,,,,,,,,, $	17.00 ,, $	2.00 ,,,,,,,,
Guanajuato,León,Vidrío Recuperable ,,,Juan José Sanchez,"Av.Transportitas 420-c,  valle de leon, Leon, Guanajuato ",37106,,Lunes a viernes de 09:00 am - 05:00 pm sabado de 09:00 a 13:30 ,477 636 2020 ,,reciclaje.vir@gmail.com,No lo localizo ,,,,,,,,,,,,,,,,SI ,,,
Guanajuato,Silao,"Limpieza y Reciclados del Bajío S.A. de C.V.
LYRBA",,Madera,"C.P. Armando Garcia Contreras, Rodrigo Orozco, Alberto Rangel",Carretera Silao- Irapuato Km 1.5 Rancho San Ignacio,,,,477 718 36 27               472 722 47 76/2611,,rorozco@lyrba.com.mx; arangel@lyrba.com.mx,,,,,,,,,,,,,,,,,,,,Madera
Guerrero,Acapulco,El Mexicano,,,Miguel Bautista,"Velázquez De León 21 Col Centro, Acapulco De Juarez, Guerrero",,,,"01 74 44 82 05 98
01 74 44 83 15 18",,platicoselmexicano@hotmail.com,,,,,,,,,,,,,,,,,,,,
Guerrero,Acapulco,El Reciclado,,,,"Carretera Vieja la Venta S/N , Vacacional 
Acapulco de Juárez, Guerrero",39715,,,,,,,,,,,,,,,,,,,,,,,,,
Guerrero,Acapulco,Integrare,,Enviar muestra de bolsas y actualizar dirección,"Juan Carlos Guzmán
Sr. Matín Leiva encargado","Emiliano Zapata 103 Entre Calles 4 Y 5 ,Acapulco de Juárez  Bella Vista colonia
",39550,,,"744 482 9884 
744 159 8094 ",,"integrare_soporte_tecnico@hotmail.com
integrare_recicla@live.com.mx",,,,,SI, $	2.50 ,,,,,, $	13.00 ,,,,,,,,
Guerrero,Acapulco,Plasticos Mejia,,,Joaquín Martínez,"Calle Río San Luis 103 , Colonia Bella Vista 
Acapulco de Juárez, Guerrero",39550,,,01 744 483 99 09,,,,,,,,,,,,,,,,,,,,,,
Guerrero,Acapulco ,Alina,No Autorizado - Licencia de Funcionamiento,,Leandro Fierro ,Juan R. Escudero Lote 4 Col. La Venta ,39933,,,,,,,,,,,,,,,Si,,Si,,,,,,,,
Guerrero,Acapulco ,Avangard Mexico S. DE Rl de Cv Planta Acapulco,No autorizado- Permiso Municipal,,Ing. Jose Alfredo Clavel,"Blvd. Jose López Portillo N° 5 y 6 Bodega 8, Renacimiento,  Acapulco, Guerrero",39715,,,744 403 6904,,jclavel@petstar.mx,,,,$ 4.00,SI,,,,,,,,,,,,,,,
GUERRERO,Chilpancingo ,RECIPET,,,"Samuel Diaz y Silvia Lome Román
Silvia Lome Román","Carretera Nacional Mexico - Acapulco kilómeto 9, Petaquillas; entre Chilpancingo y Petaquillas, ",,Por el reten de la policia comunitaria. ,De lunes a vienes de 8 a 18 hrs y sabado de 8 a 14 hrs.,"045 747 509 17 21
01 614 47 89 306",,reciklando@hotmail.com; reci.recipet@outlook.com,,,,SI,,,,,,,, $	1.10 ,,,,,,,,
GUERRERO,Chilpancingo de losBravo,Lucina Uriostegui Brito,No Autorizado - Licencia de Funcionamiento,,"Freddy Morelos Aguirre
","Mz- 3 Lt. 5 Entrada deportivo Las Colinas, Barr. San Isidro Loc. Petaquillas Gro  (Carretera Chilpancingo - petaquillas s/n petaquillas",39105,Atrás del hotel bugambilias,,"747 145 45 87
747 142 49 91",,fredy_guache@hotmail.com,,,,SI,SI,,,,, $	23.00 ,, $	1.50 ,,,,,,,,
Guerrero,Iguala,El Reciclaje,,,Alfredo Medina Flores,,,,,733 333 2585,,,,,,,,,,,,,,,,,,,$2.50 transparente o ambar,,,
Guerrero,Zihuatanejo ,"Acopio y Metales ""El Güero""          ",,,Josué Rodriguez Telefono,"Entrada al basurero Municipal, Carr. Zihuatanejo-Manzanillo, Guerrero",,,,755-130-1718,,,,,,,,,,,,,,,,,,,,,,
Guerrero,Zihuatanejo ,Adela Gomez Molina,,,Jose Alfredo Bello Baylon /Evelia García Moreno,"Carretera s/n entrada al relleno sanitario municipal de Zihuatanejo, colonia puerta del sol, Zihuatanejo de Azueta, ",40880,,,"01 (755) 101 9955 
01 (755) 122 9138
01 (755) 136 0482",,abaylon19@gmail.com,,,,SI, $	2.00 ,,,,, $	13.00 ,, $	1.50 ,,,,,,,,
Hidalgo,Epazoyucan,Miguel Juárez,,,Miguel Juárez,Dirección Km. 3 carretera Pachuquilla-Epazoyucan Municipio de Epazoyucan Estado de Hidalgo.,,,,045 (771) 746 0092,,,No lo localizo ,,,SI,SI,,,,,,,,,,,, $	0.20 ,,,
Hidalgo,Epazoyucan,Mineral de la Reforma S.A. de C.V. /Lucrecia González / Acopiador PETSTAR,No autorizado,,Gilberto Rivera Morales / A. Santiago Martinez,Dirección Km. 3 carretera Pachuquilla-Epazoyucan Municipio de Epazoyucan Estado de Hidalgo Francisco Madero 105. Col.Avila Camacho ,42077,,,771  208 1916,,"lucreciag460@gmail.com 
santimtz2111@gmail.com",No lo localizo ,,,SI,SI, $	1.50 ,,,,,,,, $	1.00 ,,,$.30 de preferencia entero,,,
Hidalgo,Hidalgo,SCA,SCA Planta Sahagún,ELLOS FABRICAN EL PLASTICO,Claudio Ramírez,"Km. 6.5 Carretera Federal Cd. Sahagún a Emiliano Zapata Cd. Sahagún, Hidalgo",43991,,,045 664 409 40 55,,claudio.ramirez@sca.com,,,,,,,,,,,,,,Si,,,,,,
Hidalgo,Pachuca ,Gilberto Rivera Morales,,,Gilberto Rivera Morales,Francisco Madero 105. Col.Avila Camacho,42077,,,951 512 80 56,,,,,,Si,Si,,,,,Si,,,,,Si,Si,Si,,,
Hidalgo,San Salvador,Los Angeles,,Recibe vidrio pero no dio dirección exacta. Marcar cuando dejen el material ,Emilio Hernandez,"Km 7 rumbo a Tepatepec, ",,esta  a pie de carretera,,045 (772) 140 0189,,,No lo localizo ,,,,,$1.50 sin comida,,,,,,,,,,,SI,,,
Hidalgo,San Salvador,Recicladora San Antonio,,,Nery Hernandez,"IV Demarcación Calle Nogal, Tepatepec, Francisco I Madero",,,De lunes a vienes de 8 a 18 hrs y sabado de 8 a 14 hrs.,045 771 795 0388,,,No lo localizo ,,,$5.5 cristal,SI, $	1.50 ,,,, $	16.00 ,, $	3.00 ,, $	0.60 , $	2.50 ,,"$0.30 mixto, roto o entero. Se dejan los costales donde se lleve el material",,,Discos 4.50
Jalisco,Guadalajara,PROMAPI,,Es necesario darse de alta como provedor y llenar algunos formatos,Carlos Saldaña Romero,"Libra #225 Frac. Juan Manue Vallarta Zapopan, Jalisco",,,,33 3770 1100/ 1158,http://www.reciclatuvidrio.com/promapi/,carlos.saldana@o-i.com,,,,,,,,,,,,,,,,,Si,,,
Jalisco,Puerto Vallarta ,Recicladora de La Costa,,,Fernando Carbajal,"Calle Clavel #512 Col. Magisterio. Pto. Vllarta, Jalisco",,,Lunes a Viernes de 08:00 A 17:00,322-113-44-87,,,,,,SI,,,,,,Si,,Si,,,,,SI,,,
Jalisco,Puerto Vallarta ,Rodolfo Daniel Vaca Rico /Acopiador Petstar,Autorizado- IMADES 221/16 LIC - PS,,Rodolfo Daniel Vaca Rico,"Carretera Manzanillo - Puerto Vallarta 92.8 Col. Los Tepeixtes , Manzanillo Colima",28239,Frente a la bascula ejidal,,314 149  9078,,vasa-sg@hotmail.com,,,,Si,,,,,,,,,,,,,,,,
Jalisco,Tlajomulco de Zúñiga,Green Mind S.A. de C.V.,,Productor de pellets,Eduardo Pizano,"Carretera Guadalajara-El Salto No. 340 Int. 1 Col. La Alameda  Tlajomulco de Zúñiga, Jalisco, México",45679,,,"316 471 49
333 164 71 50",,hservin@jalmet.com,,,,SI,,,,,,,,,,,,,,,,
Jalisco,Tlaquepaque,Avangard Mexico S de RL de CV,Tramite,,Ing. Salvador Bucio Escamilla,Periférico Sur No. 1588  Col. San Martín de las Flores  Tlaquepaque Jalisco,45620,,Lunes a Viernes 09:00 a 18:00 ,"331 224 5431  
331 224 5438",,,,,,SI,,,,,,,,,,,,,,,,
Jalisco,Tlaquepaque,Glezco Plasticos,,,Horacio Gonzalez Letechipia / Yolanda Llamas / Paola Gutiérrez,"Independencia 111, Poblado Lopez Cotilla Tlaquepaque, Jalisco ",45615,,Lunes a Vierenes de 09:00 a 16:00,333 668 51 30,,llolandallamas@glezcocorp.com.mx,,,,SI,SI,,,,,SI,,,,,,,,,,
Jalisco,Tlaquepaque,Pympsa Recycling,,NO CONTESTAN,Ing. Miguel Michel,"Hojalatero 5948, Artesanos,  San Pedro Tlaquepaque, Jal.",45598,,24 hrs,333 955 4734,http://pympsarecycling.com.mx/,pympsa@hotmail.com; pympsa@gmail.com,"https://www.google.com.mx/maps/place/Hojalatero+5948,+Artesanos,+45598+San+Pedro+Tlaquepaque,+Jal./@20.5805982,-103.3497284,3a,90y,320.49h,90.63t/data=!3m7!1e1!3m5!1sxX1E33taSyhINGckwWE3Uw!2e0!6s%2F%2Fgeo3.ggpht.com%2Fcbk%3Fpanoid%3DxX1E33taSyhINGckwWE3Uw%26output%3Dthumbnail%26cb_client%3Dsearch.TACTILE.gps%26thumb%3D2%26w%3D86%26h%3D86%26yaw%3D303.9993%26pitch%3D0%26thumbfov%3D100!7i13312!8i6656!4m5!3m4!1s0x8428b2ae54e299e5:0xbcf8b004cb8200e0!8m2!3d20.5806998!4d-103.3499073",20.582470,103.349863,,,Si limpia y exlusivamente en paca y en plataforma ,,,,,,,,,,,,,,
Jalisco,Tlaquepaque,"Soluciones Integrales De Reciclado, S.A. De C.V.",Autorizado,,,"Carretera A San Sebastian # 70, Col. Santa Maria Tequepexpan",45601,Entre Independencia Y Las Flores,Lunes a Viernes de 09:00 a 17:30,333 694 0642,,,,,,,,,,,,,,,,,SI,,,,,
Jalisco,Tonala,"Comercializadora Cycoplastics S.A. De C.V. (Antes Cycosa Plasticos, S.A. De C.V.)",Autorizado,Post Industrial retornable,,"Carretera Libre a Zapotlanejo No. 2400
Colonia Jauja",45620,,De lunes a vienes de 8 a 18 hrs y sabado de 8 a 14 hrs.,333 690 2030,,ramseslerma@prodigy.net.mx,,,,,,,,,,,,,,,,,,,,
Jalisco,Zapopan,Centro De Acopio Nuñez / Alvaro Nuñez Castañeda,,Comenta tener permiso,Javier Nuñez,"Base Aerea # 1642, Entre Azaleas Y Tulipanes Col. El Triangulo",,,,333 834 8527,,,,,,,,,,,,SI,,SI,,,,,,,,
Jalisco,Zapopan,"Grupo Ecologico Mac, S.A. De C.V.",,,Gabriel Estrada,"PERIFERICO NTE #1042, RECIDENCIAL PLAZA GUADALUPE, Zapopan Jalisco ",45030,,LUNES  a Viernes de 09:00 A 17:00,333 620 6201,www.gemac.com.mx,info@gemac.com.mx,,,,,,,,,,,,,,,,,,,,"Electrónico, computo, línea blanca o refrigeración"
Jalisco,Zapopan,Martin Vargas Muñiz,,,Martin Vargas Muñiz,"Palma Real # 706, Paraiso de Colli",45010,,Lunes a Viernes de  09:00 A 18:00,331 028 9555,,mxss.cont.serv@hotmail.com,,,,,,,,,, $	16.00 ,, $	1.30 ,,,,,,,,
Jalisco,Zapopan,"Recicladora Zapopan, S.A. de C.V. /Recicladora Bajio",,Permiso para carton y papel no otros materiales,Ana,"Ejido # 564,  Col. San Isidro C.P 45147
Camino Arenero #6045 C.P 45019",45147,Entre Lazaro Cardenas Y Donato Morales,,"333 636 0266
333 110 1862",,"recicladora_zapopan@yahoo.com.mx
recicladoracomercialdelbajio@hotmail.com",,,,"Si, no de aceite",,,,,, $	13.50 ,, $	1.50 ,,,Si,,,,,
Jalisco,Zapopan,Reciclados Plasticos de Mexico S.A. de C.V.,,Recibe bolsa PEBD completamente limpia,Alma Flores / Enrique de ventas,"Camino a Santa Ana Tepatitlán No. 1927 Col. Santa Ana Tepatitlán, Zapopan, Jalisco",,,Lunes  a Viernes  08:00 a 17:00,333 684 7466 / 333 684 7594,www.reciplast.webs.com,enrique@reciplasticos.com.mx,,,,,,si,,,SI,,,,,,,,,,,
Michoacán,Morelia,"Envases Termoplásticos de México S.A. de C.V.
ENTERPLAS",,Requiere multicolor y otros plasticos pero en paca ,Eva Noemi Villegas,"Calle Norte 10 No. 118, Ciudad Industrial 3a. Etapa Morelia Michoacán",58200,,Lunes a Viernes de 08:00 A 17:00,01 (443) 333 64 64,,gerencia.etm@grupo-ortiz.com,,,,SI,SI,,,,SI,,,SI,,,,,,,,
Michoacán,Morelia,Sr. Jose Guadalupe Sanchez Muñoz,,,Sr. Jose Guadalupe Sanchez Muñoz,"Carr. Morelia- Teremendo km 1,  Tazicuaro, Morelia Michoacán",,"a lado de bancos de Arena,","horarios de 7 a 16 horas
 Sabado hasta las 13 horas.
",045 44 33 57 59 55,,,,,,SI,SI,,,,,SI,,,,,,,SI,,,
Morelos,Cuernavaca,"Desperdicios Industriales de Cuernavaca DICSA
",,,Susana Avila,"km 11.8, Yautepec de Zaragoza-Jiutepec 17, San Jose, Jiutepec, Mor.",62574,,,"01 777 319 11 32, y 319.11.45 ",,contacto@dicsaonline.com.mx; proman@dicsaonline.com.mx; ysotelo@dicsaonline.com.mx,,,,Si,Si,,,,,,Si,,,,Si,Si,,,,
Morelos,Jiutepec,Desperdicios Industriales Román,,,Pedro Alarcón,"Paseo de Tulipanes # 2 Col. Bugambilias, Jiutepec, Morelos",,,Lunes  a Viernes  08:00 a 17:00,"(777) 320 4550
(777) 516 3738",,,,,, $	4.50 , $	1.50 ,,,,,,,,,,,,,,,
Morelos,Xochitepec,prepaslt,,,,"Privada Volcan de Colima S/N, Colonia Valle Dorado, Xochitepec, Morelos",62790,,Lunes a Viernes de 08:00 a 17:00 y Sabados de 08:00 a 12:00,"01 7772303469
777 279 35 29
777 374 98 64",,"gerardodi34@hotmail.com
preplast02@gmail.com",,,,si,si,,,,, $	13.00 ,,,,,,,,,,
Nayarit,Bahia de Banderas,Recicladora el Manguito S.A de C.V,Autorizado- EGRME-38-18,,Juan Luis Feregrino,"Av. Bahia de Banderas # 8 San Clemente de Lima, Municipio de Bahia de Banderas, Nayarit",3736,,Lunes a Viernes de 08:00 a 18:00,329 296 5706,,res.delmanguito@gmail.com; feregrinooficina@outlook.com,,,,Si,Si,,,,,Si,,Si,,,,,,,,
Nayarit,Tepic,Vannova Reciclaje  S.A. de C.V.,,,"Ricardo Becerra / Monica Vazquez
LIC. LIVIA BRUGHERA","Industriales Nayaritas #27 entre Niño Obrero y Av. las Torres Cd. Industrial Tepic, Nay.",63173,,Lunes a Viernes de 08:00 a 18:00,(311) 219-4431,http://vannova.com.mx/,"vannova@hotmail.com
www.vannova.net",,,,SI,SI,,,,,,,,,,SI,,,,,
Nayarit,Tepic ,Reciclados Ganda S de RL ,Autorizado - Renovación como Recolector de RME,,Guadalupe Olegario Gandarilla Arzol,"Carretera a Pantanal km. 1.65, Colonia Palomas,  Predio el armadillo",63788,Pasando la granja de puercos lado derecho casi frente al acopiador actual,Lunes a Viernes de 09:00 a 18:00 y Sabado de 09:00 a 14:00,"311 211 7255
311 139 3832",,"olegarioganda@hotmail.com
vcortes@petstar.mx
rhuerta@petstar.mx",,,,SI,,,,,,Si,,SI,,,,,,,,
Nuevo León,General Escobedo,Avangard Mexico S. de R.L de CV Planta Mty,Autorizado N. 161,,Ing. Salvador Bucio Escamilla,"Cerámica 103 Parque Industrial Escobedo, Nuevo León ",66062,,,"818 384 8024 
818 384 8048",,,,,,SI,Si,,,,,,,,,,,,,,,
Nuevo León,Monterrey,Metales Gandara,,,Jorge Gandara,Aztlan 750 Col fomerrey 114 ,64100,,Lunes a Viernes 09:00 a 07:00 ,01 (818) 310 37 29,,,,,,,,,,,, $	17.00 ,, $	3.00 ,,,SI,,,,,
Nuevo León,Monterrey,Petstar Planta de Acopio Monterrey ,,,Ernesto Vega,"Cerámica 103 Parque Industrial Escobedo, Nuevo León",66062,,,866 155 12 33,,evega@petstar.mx,,,,Si,Si,,,,,,,,,,,,,,,
Nuevo León,Monterrey,PROMAPI,,Es necesario darse de alta como provedor y llenar algunos formatos,Pascual A. Gonzalez Moreno,"Antiguo Camino al Milagro #115 Col. El Milagro Huinala, Apodaca, N.L.",66600,,,8321 2154 Y 56,http://www.reciclatuvidrio.com/promapi/,pascual.gonzalez@oí.com,,,,,,,,,,,,,,,,,Si,,,
Nuevo León,Monterrey,Seredec,,"Ofrece servicio de recolección, NO ACEPTAL AL PUBLICO ENGENERAL",,"Crédito Ejidal 7809, Plutarco Elías Calles,  Monterrey, N.L.",64108,,Lunes a Viernes 09:00 a 18:00 ,01 (818) 306 00 53,,,,,,SI,SI,,,,,SI,,SI,,,,,,,,
Nuevo León,Monterrey,Tumaplas,,Fabrica de mangueras,,"Carr. Librre Estatal Dulces Nombres KM 4.55 , Bosques de san Miguel,  Apodaca, ",66647,,Lunes  a Viernes  08:00 a 17:00,01 (818) 453 46 05,,adminstracion@tumaplas.com,,,,,,SI,,,Si,,,,,,,,,,,
Nuevo León,Santa Catarina,Grupo ALEN,,Programa de Recolección en escuelas,Erika del Bosque / Jose Fernando Calderón Gonzalez,"Boulevard Diaz Ordaz No. 1000, Col. Los Treviño, Santa Catarina, N.L. México.",66150,,,"818 122 1000 ext. 1277, 1321
818 122 10 97      ",,erik.delbosque@alen.com.mx; josef.calderon@alen.com.mx,,,,SI,SI,,,,,,,,,,,,,,,
Oaxaca,Huatulco ,Ambioental Reciclados y Soluciones Ambientales S.A. de C.V. Ambioental,,,"Lic. Mayte Nicolas Perez
","Artesanos Manzana 005 Lote 019 Sector V. la Crucecita, Bahias de Huatulco, ",70989,,Lunes a Viernes 08:00 a 18:00       Sabado 08:00 a  16:00 ,"01 (958) 115 74 64
01 951 103 5745",,"mayte@ambioental.com
 mathus.nicolas@ambioental.com",,,,SI,,,,,,,,,,,,,,,,
Oaxaca,Huatulco ,El Planeta,,Precios Bajos ,Ma. Del Carmen Cordero.,"Calle Ebanista 119, Sector V zona de Talleres, Bahías de Huatulco, Oax. 
",70989,cerca de Estrella Blanca,Lunes a sabado de 08:00 a 16:00 hrs.,"01 (958) 587 01 19
045 958 106 57 40",,elpaneta2011@yahoo.com.mx,,,,SI,,SI,,,,SI,,,,,SI,SI,,,,
Oaxaca,Oaxaca ,"Reciclapapel S.A. de C.V. (Comercial)
Leambrades S.A DE C.V. (FISCAL)",,Recibe vidrio y bolsa limpia,Edith Sadad,"Sabinos 100 Trinidad de Viguera, Oaxaca de Juárez, México",68276,,Lunes a Viernes de 08:00 a 06:00 pm,"01 (951) 522 81 00
01 (951) 512 80 56",https://www.reciclapapeloaxaca.net/#inicio,recicla.papel@hotmail.com,No lo localizo ,,,,SI,Limpia,,,,SI,, $	1.50 ,,,,,0.15 Entero,,,
Oaxaca,Salina Cruz,Ambioental Reciclados y Soluciones Ambientales S.A. de C.V. Ambioental,,,Yuli Martinez Martinez / Mathusalen Nicolás Pérez,"Calzada Refinería S/N  Col. Jardines,  Salina Cruz, Oax. ",70610,,Lunes a Viernes 09:00 a 18:00 ,"01 971 105 40 16
01 951 103 57 45",,mathus.nicolas@ambioental.com,,,,SI,Si,,,,,Si,, $	4.00 ,,Si,,,,,,
Puebla,Puebla,COMPRA Y VENTA DE MATERIALES CLI PUEBLA,,,Carlos Espinoza,"Alfredo Tosqui s/n, Colonia 3 de mayo, puebla",72228,entre una gasolinera y una talachería,de 10 a 18 horas (excepto de 13 a 14 hrs. por comida) y sabados de 10 a 14:30 hrs.,045 222 721 47 91,,jucaes-30@hottmail.com,,,,,,,,Si, $	2.50 ,,, $	2.40 ,,,,,,,,
Puebla,Puebla,Corporativo LML,,Recibe en pacas y a granel,Luis Miguel Landero Landeros,"Calle 113 a Oriente No. 1611 Int. 29 Col. Los Héroes, Pue. Puebla, ",72590,,Lunes a  Viernes de 09 a 17:00 ,045 (222) 469 59 13,,luis_miguel01@hotmail.com,,,,SI,,,,,,,,,,SI,,,,,,
Puebla,Sn Pablo Xochimeuacan,"Fabrica de Vidrio ""LA LUZ""",,Botellas enteras,Ing Antonio Martinez,prol lado sur #30 san cristobal tulcingo,,,Lunes a viernes de 9:30 a 4:00 pm,01 (222) 288 1008,,,"https://www.google.com/maps/place/Privada+Francisco+I.+Madero+77,+Zona+Sin+Asignaci%C3%B3n+de+Nombre+de+Col+1,+San+Pablo+Xochimehuacan,+72014+Puebla,+Pue./@19.0935684,-98.1976368,3a,90y,26.54h,99.68t/data=!3m6!1e1!3m4!1siOv8Lolk6CSqI4Sc2jlyvw!2e0!7i13312!8i6656!4m5!3m4!1s0x85cfc1673bcdc4b1:0x1489d957fe07467b!8m2!3d19.0936191!4d-98.1976697",19.093852,98.197659,,,,,,,,,,,,,,"Vidrio plano y de color $.20
Vidrio transparente $.60",,,
Querétaro,El Marquez,Avangard Mexico S. de R.L de CV Planta Qro,En Tramite - Actividades de Manejo Integral de RME,,Maria del Carmen Hdz ,"Calle Cascada 4-B, Fracc Industrial la Noria,, El Marquez, Querétaro, México",76240,,," 442 221 5654 
442 221 6302",,,,,,SI,SI,,,,,,,,,,,,,,,
Querétaro,El Marquez,Petstar Planta de Acopio Querétaro ,,,Ing. Jorge Luis Medina,"Cascada No. 4-B, Fraccionamiento Industrial la Noria, C.P. 76240, El Márquez, Querétaro, México",76240,,Lunes a viernes de 9:00 a 05:00 y sabados hasta las 03:00 pm,045 (331) 602 6686,,jmedina@petstar.com,,,,si,SI,,,,,,,,,,,,,,,
Querétaro,Jurica,Renueva Ecosistemas S.A. de C.V.,,,Roberto Gary,"Ciruelos 137 - 21 Jurica  Querétaro, Qro.",76100,,Lunes  a Viernes  08:00 a 17:00,"(442) 215-2288
(442) 218-0987",http://www.renuevaeco.com/contacto-renueva-ecosistemas,robertogary@biod.mx,,,,SI,,,,,,,,,,,,,,,,
Querétaro,Queretaro,Ecogreen Recicladora,No Autorizado,,Luz Maria Mendoza ,Av. Pie de la Cuesta #2412 Col. Lomas de San Pedrito Peñuelas,76125,,De lunes a vienes de 8 a 18 hrs y sabado de 8 a 14 hrs.,442 577 1784,,ecogreenrecicladora@gmail.com,,,,,,,,,,SI,Si,,,,Si,SI,,,,
Querétaro,Queretaro,PROMAPI,,Es necesario darse de alta como provedor y llenar algunos formatos,Ruben Nieves Perez,"Coahuila #5 Col. Obrera Zona Industrial Benito Juarez Querétaro, Qro",76130,,,44 2211 1000/ 1091,http://www.reciclatuvidrio.com/promapi/,jose.nieves@o-i.com,,,,,,,,,,,,,,,,,Si,,,
Querétaro,Querétaro,Alejandro Alvarez,Autorizado SEDESU/RPPSA/1014-19,,Alejandro Alvarez,"Carretera a Huimilpan 302, vista alegre Segunda Sección, Querétaro",76090,,Lunes  a Viernes de 09:00 a 16:00  ,"442 233 6627 
442 222 8607",,je5u5alvarez@hotmail.com,,,,,,SI,,,,,,,,,,,,,,
Querétaro,Querétaro,David Uribe Gonzalez,,Ya trabajó con ECOCE,David Uribe Gonzalez,"David Uribe Gonzalez Eucalipto 4 , Ámsterdam Corregidora",76902,,Lunes a Viernes 08:00 a 17:00 Sabado de 08:00 a 13:00,045 442 18 62 973,,davurib@hotmail.com,,,,Si,,,,,,,,,,,,,,,,
Quintana Roo,Benito Juárez,"Comercializadora De Reciclables Ave Fénix, S. De R.L. De C.V.",,,Jorge Jácome Gómez,"Km 308, Carretera Cancún-Leona Vicario, Ejido Alfredo V. Bonfil, Localidad de Cancún, Municipio de Benito Juárez, Quintana Roo.",,,Lunes a Viernes 09:00 a 18:00 ,(998) 209 31 43,,jorge@avefenix.com.mx,,,,,,,,,,SI,,Si,,,,,,,,
Quintana Roo,Cancún,Transformetal,,,Uriel Nájera,"Av. 20 de noviembre SM 227 Manzana 36 lote 6 y 7, atrás de Cancún Mall, Colonia Región 227 Cancún, ",77516,"entre Calle Payo Obispo y Av. 20 de noviembre, ", lunes a viernes de 08:00 a 18:00 horas de y sabados de 08:00 a 14 hrs.,998 102 26 60,,urielnajera31@hotmail.com,,,,,,,,,,,Si,,,,Si,,,,,
Quintana Roo,Isla Mujeres,Recicladora Sarayu,,,Roberto Barranco Arciniega /Patricia Arciniega ,"CARRETERA RANCHO VIEJO S/N, EJIDO ISLA MUJERES   COL. LA RACHERITA, CANCUN ",,,Lunes a Viernes de 08:00 A 17:00," 998 195 8915
998 227 0294
998 147 24 22",,roberto_barranco77@hotmail.com,,,, $	5.00 , $	1.50 ,SI,,, $	16.00 ,SI,,SI,,,,,,,,
San Luis Potosi,Matehuala,D´León Cerrajera /Reciclados Matehuala,No autorizado,,"Sr. Humberto de Leòn
Luis Alberto (hijo)","16 de septiembre #1018 Zona Centro, Matehuala; San Luis Potosí.",,,Lunes a viernes de 8 a 6 pm  y sabado de 8 a 5 pm,488 101 1432 ,,deleonsan@prodigy.net.mx,,,,SI,SI,SI,,,SI,,,SI,,SI,SI,SI,,,,
San Luis Potosi,San Luis Potosi ,Adrian Ortega,,,,"Las Torres No. 560 Parque Industrial Las Torres, Saltillo, Coahuila",25114,,Lunes a viernes de 9:30 a 4:00 pm,"01 844 431 73 55
01 844 431  10 21 
01 844 434 43 93",,contacto@maresa.biz,,,,Si,,,,,,,,,,,,,,,,
San Luis Potosi,San Luis Potosi ,Avangard Mexico S. de RL de Cv Planta SLP,No Autorizado- Inscripcion en generador de R Industriales,,Ing. Jose Casillas,"Blvd Manuel Gómez Morín 1670, Fracc. La Angostura, San Luis Potosí, SLP, México",78117,,Lunes a viernes de 8 a 5 pm  y sabado de 8 a 2 pm,444 830 5426 / 27    ,,,,,,SI,Si,,,,,,,,,,,,,,,
San Luis Potosi,San Luis Potosi ,Cuellos Gálvez,,,,"Calle Israel 420 Col. Estrellas de oriente, SLP",78396,,Lunes a Viernes de 9:30 A 18:00 ,01 (444) 112 90 53,,cuellosgalvez@yahoo.com.mx,,,,SI,SI,,,,,,,,,,SI,,,,,
San Luis Potosí,San Luis Potosi ,ENVASES PLASTICOS DEL CENTRO S.A. DE C.V.,,,Antonio Martín Alba                                José Antonio Gutiérrez de Poo,"Av Eje 104 105, Zona Industrial,  San Luis, S.L.P.",78395,,Lunes a Viernes de 09:00 a 17:00 y Sabados de 09:00 a 13:00,01 444 830-54-26 / 27  ,,ama@eplasticos.com.mx; epc_ventas_jag@yahoo.com.mx ,,,,Si,Si,,,,,,,,,,,si,,,,
San Luis Potosí,San Luis Potosi ,Remex recicladora,,,Bryan Omar Talavera Orozco ,"PERIF NTE 1620, Col. San Angel Inn, SLP",78116,,Lunes a Viernes de 9:00 A 18:00 ,444 823 8322,,rgs0813@hotmail.com,,,,SI,,,,,,SI,,,,,,,,,,
Sinaloa,Ahome,Recikla Vive Verde,No autorizado- En trámite,,Ing. Arturo Julián  Chaparro ,"Camino Cañero poste 22212, Col. Ejido Luisiana",81367,,Lunes a Viernes de 08:00  A 14:00,668 142 9173,,reciklaviveverde@hotmail.com,,,,SI,SI,SI,,,SI,,,,,,SI,,,,,
Sinaloa,Culiacán,Lamina Durable ,No autorizado- En trámite,,Rogelio Blanco Torres,Calle Diego Hurtado de Mendoza #. 4985 poniente Col. San Rafael,80150,,Lunes a viernes de 08:00 am - 05:00 pmy sábados  hasta la 1:00 pm,667 714 0603,,laminadurable@hotmail.com,,,,SI,SI,,,,, $	13.00 ,,SI,,,,,,,,
Sinaloa,Culiacán ,Empuje Sinaloa,,,,"CARRETERA A EL DORADO KM 5.5, CAMPO 10, CULIACAN",80155,,"Lun.-Vie. 09:00 - 17:00
Sab. 09:00 - 14:00",01 667 760 50 80,,servicioalcliente@empujesinaloa.com,,,,SI,SI,SI,,,,SI,,,SI,SI,SI,,SI,,,
Sinaloa,Culiacán ,SERECSIN,,"Servicio de recolección y limpieza, NO RECIBEN AL PUBLICO EN GRAL",,"Blv. Enrique Sanchez Alonso 1523, Privada la Rivera, Culiacan C.p 80020 ",,,,(667) 712 2627,,,,,,,,,,,,,,,,,,,,,,
Sinaloa,Los Mochis,Juan Pablo Ramos,,,Juan Pablo Ramos,"Calle 5 de mayo # 2994 Colonia Miguel Hidalgo  Los Mochis Sinaloa, ",81210,,Lunes a Viernes DE 08:00 a 13:00 Y DE 2:30 A 18:00 Y Sabado DE 08:00 A 14:00,668 146 22 29,,,,,,Si,SI,,,,,SI,SI,,,,,,,,,
Sinaloa,Los Mochis,Recicladora y Transformadora Internacional Ecomundo S.A. de C.V.,,Madera,"Maria Lourdes Silva
Raul Romanillo","Blvd. Bienestar #1210 Ote, Col. Alamos 1,, LOS MOCHIS",81285,,LUNES A VIERNES DE 08:00 A 17:00  ,01 668 824 33 20,,info@recicladoraecomundo.com,,,,SI,SI,,,Si,,SI,,SI,,SI,SI,,,,,
Sinaloa,Mazatlán,RECICLADOS LA CANDELARIA,,NO DA INFORMACON POR TELEFONO,,"CRR INTER 1192, NIÑOS HEROES , MAZATLAN",82190,,,(669) 980 1353 y 51,,,,,,SI,,,,,,,,,,,,,,,,
Sinaloa,Mazatlán,SERVICIOS RECICLABLES DE MAZATLAN S.A. DE C.V.,,,"GERENTE DE PLANTA JESUS ALFREDO LIZARRAGA MARROQUIN
 Dueño Luis Adolfo Becerra Barreto","CARRETERA CARRETERA INTERNACIONAL KM 283-1400 , URIAS PINO y ESTADIO 82099 MAZATLAN, Sin. México",,,Lunes a Sabado de 08:00 a 17:00,"Tel 016699170087 
Nextel: 52*15*45493   
01 669 917 00 87 
01 331 657 08 92
045 33 11 63 00 35
045 33 35 77 79 61",,sereciclamaz@hotmail.com,,,,SI,SI,,,Si,si,,,,,,SI,,,,,
Sinaloa,Mazatlán ,Gabriel Becerra Olivas,,,Gabriel Becerra Olivas,"Av. Luis Donaldo Colosio No. 3  Col. Flores Magón  Entre la calle Dalia y Carr. De acceso a libramiento Colosio, Mazatlán Sinaloa.",82190,,Lunes  a Viernes de 09:00 a 17:00  ,01 (669) 117 16 34,,"magber_reciclajes@hotmail.com
gbecera070@hotmail.com",,,,SI,SI,SI,,,SI,SI,SI,,,,SI,,,,,
Sonora,Cajeme,Carlos Echegaray,,,,"Calle Camino al basurón s/n, Col. Zona de Granjas",85203,,Lunes a Sabado de 09:00 a 18:00,01 644 177 80 50,,chan_76@hotmail.com,,,,si,,,,,si,,,,,,,,,,,
Sonora,Ciudad Obregón ,COMPRA Y VENTA DE FIERRO VIEJO,,,,"Calle Sinaloa 1600, COL. Municipio Libre",85080,,Lunes a Vierns de 10:00 a 18:00,01 644 416 48 18 NC,,,,,,,,,,,,SI,SI,,,,,,,,,
Sonora,Ciudad Obregón ,HUMA MATERIIALES RECICLABLES,,,Humberto Moreno Acuña,"CALLE PRINCIPAL SIN NOMBRE,Granjas Nica S/N, Cd. Obregón Sonora
Durazno 1134 Chapultepec, Obregón Sonora.",85100,,"De 8 a 17:50 de lunes a viernes
sábado de 8 a 13 hrs","644 134 0830
664 409 4055",,"duartetineo@hotmail.com
annie_6802@hotmail.com",,,,SI,SI,SI,,,,SI,SI,,,SI,SI,,,,,
Sonora,Hermosillo,"Engrane Verde S.A. de C.V., soluciones ambientales",,,"Ernesto Escalante
Bernardo Escalante","Dirección Blvd. Progreso 86, Colonia Solidaridad",83116,,Lunes  a Viernes de 09:00 a 17:00  ,"045 6621 235865
045 662 12 31 845
01  66 21 36 86 01  
01 66 21 36 86 03",,bernardo.escalante@engraneverde.com; info@engraneverde.com; admin@engraneverde.com,,,,SI,SI,,,,SI,,,,,,,,,,,
Sonora,Hermosillo,RECICLDO UNIVERSAL,,Pago: Transferencia.,Lic. AlaIn Mitre Salazar,"BLV JOSE ALBERTO HEALLY 1031, COL. 4 de marzo Hermosillo, Son. ",83245,,lunes a viernes de 08:00 a  13:00 y 14:00 a 18:00 y sabdos de 08:00 a 13:00,"6622 8074 37
045 66 22 56 91 80",,"alanmitre@hotmail.com
jusaino6@hotmail.com",,,,si,SI,Si,,,,SI,SI,si,,,SI,,,,,
Sonora,Nogales,"Centro de Acopio La Frontera S . De R.L de C.V
",No Autorizado - Uso para comercios,,Luis Felipe Pedraza Tirado,"Los Alamos #254 Col. Los Alamos C.P 84085 Nogales, Sonora",,,Lunes a Viernes de 08:00 a 18:00,631 944 8929,,,,,,,,,,,si,si,,,,,,,,,,
Sonora,Nogales,Reciclados Cananea,,NO DA INFORMACION POR TELEFONO,Guadalupe Robles,Cova de Ira 50 Col. Lomas de Fatima,84020,,,631 149 6086,,recicladoscananea@gmail.com,,,,,Si,,,,,,,,,,,,,,,
Tabasco,Villahermosa,ASEASA,,"Servicio de recolección y limpieza, NO RECIBEN AL PUBLICO EN GRAL",,,,,,"045 993 160 58 39
(800) 263-4722
(993) 352-2766",https://www.aseasa.mx/,"gerencia@aseasanet.com.mx; ventas@aseasanet.com.mx
contabilidad@aseasanet.com.mx",,,,,,,,,,,,,,,,,,,,
Tabasco,Villahermosa ,POLIPLAST S.A de C.V,Autorizado - 27-02 RME -16 SERNAPAM ,No contesta,Erliyoreni Antonio Ortiz,Col. Alameda Carretera Cardenas Comalcalco s/n. ,,Frente a la Chevrolet,,937 372 4815,,,,,, $	3.00 , $	1.00 ,,,,, $	13.00 ,,,,,,,,,,
Tamaulipas,Altamira,Reciclados Vargas ,,Pidio fotografias en el correo para darnos precio,," Blvd. I Allende #501, Zona Centro, Altamira, Tamps",89600,,Lunes a Viernes DE 08:00 A 18:00,833 264 1004,,,,,,,Si,,,,,SI,,,,,,,,,,MADERA
Tlaxcala,Tlaxcala,MORPHOPLAST S.A. DE C.V.,,Transformador a textil ,"Dueño Rafael Torre/ Ing. Alfonso Miranda, Lic. Gerardo Payan ","Blvd. Emilio Sánchez Piedras 605, lote 24, Cd. Industrial Xicoténcatl, Tetla Solidaridad",,,Lunes a Viernes de 09:00 a 18:00,"(241) 412 70 37 
(477) 327-0364",http://www.morphoplast.com/index.html,rtorre@morphoplast.com; lamiranda@morphoplast.com; gpayan@morphoplast.com,,,,SI,,,,,,,,,,,,,,,,
Veracruz,Alamo,Recicladora Puerta 7 - Acopiador Petstar,No autorizado,,Claudia Carballo Rivera,"Carretera Álamo - Ixhuatlan de Madero km 1. Loc. La Estación Puerta 7 Alámo, Veracruz",92750,,Lunes a Sabado 07:00  a 17:00,785 103 6631,,,,,,Si,,,,,,,,,,,,,,,,
Veracruz,Cordoba,Transformadora de Productos Ferrosos S.A de C.V.,,"Servicio de recolección, limpieza y acopio ",Cuauhtémoc Tecuapetla,"Corepa Veracruz: Carr. Fed. Veracruz-Xalapa Km.96.5 Tejería, Veracruz, ",,"Junto al gas del Atlántico, frente al I.M.S.S de Tejería",Lunes a Viernes DE 08:00 A 18:00,"01 (229) 981 20 94 
045 (229) 919 46 62",http://www.reciclan.com/productos.html,"atlantico@reciclan.com
vcortes@petstar.mx
rhuerta@petstar.mx",,,, $	6.65 , $	5.56 ,Playo transparente,,,,,,,,, $	3.00 ,,,,,
Veracruz,Córdoba / Orizaba ,JOANGE,,,Roberto Villareal Zardain,"Calle 3 Esquina Boulevard Cordoba Fortín, Fraccionamiento San Nicolás, Fortín de las Flores Veracruz",, junto a la ferreteria el Clavo,Lunes a viernes de 08:00 a 18:00,271 712 7723,,cordoba@reciclan.com; adm_cordoba@reciclan.com,,,,Si,Si,,,,,,,,,,,,,,,
Veracruz,Veracruz,Greenpet S.A. de C.V.,,SOLO ACEPTAN PACAS DE 1 TNS EN ADELANTE,Antonio Bibaldi                                ,"Av. Framboyanes Lote 3 Mza 4 S/N
Ciudad Industrial Bruno Paliai, Veracruz",91697,,Lunes a Viernes de 08:30 a 17:30,229 981 0639 / 229 981 06 30 / 229-981 06 41,http://greenpet.com.mx/index2.html,abiehl@inix.com.mx,,,,SI,,,,,,,,,,,,,,,,
Yucatán,Merida,Avangard Mexico S. de RL de C.V,Autorizado FUA 278/18,,Ing. Magdalena Aguilar Pérez,"Calle 20 x 11 S/N Tabla Catastral 1879 Camino a Hunxectaman Uman, Yucatán",97390,,"luneas a viernes de 9 a 6 pm
Sabados de 9 a 2",01 (988) 933 15 30 /31,,,,,,SI,SI,,,,,,,,,,,,,,,
Yucatán,Merida,"METALES MOLINA DEL SURESTE
",,NO DA INFO POR TELEFONO,Alejandro Montalvo,"por 79 y Avenida Itzaes, Cto Colonias, Nueva Sambulá,  Mérida, Yuc.",97250,,," 01 99 92 86 09 28 
045 99 92 92 88 25",,metales_molina@hotmail.com,,,,,,,,,,,,,,,SI,,,,,